,Year,Manufacturer,Model,barrels08,charge240,cityA08U,cityCD,cityE,cityUF,co2A,combA08U,combE,combinedCD,combinedUF,cylinders,feScore,fuelCostA08,fuelType2,ghgScoreA,highwayA08U,highwayCD,highwayE,highwayUF,id,phevBlended,charge240b
0,2017,Kia,Soul Electric,0.0768,4.0,119.0,0.0,28.0,0.0,0.0,105.0,31.0,0.0,0.0,,10,650.0,Electricity,10,92.0,0.0,36.0,0.0,38168,False,0.0
1,2017,Hyundai,Ioniq Electric,0.06,4.0,150.0,0.0,22.0,0.0,0.0,136.0,25.0,0.0,0.0,,10,500.0,Electricity,10,122.0,0.0,28.0,0.0,38431,False,0.0
2,2017,Ford,Focus Electric,0.0744,5.0,118.0,0.0,28.0,0.0,0.0,107.0,31.0,0.0,0.0,,10,650.0,Electricity,10,95.0,0.0,35.0,0.0,38505,False,0.0
3,2018,Nissan,Leaf,0.072,8.0,125.0,0.0,26.0,0.0,0.0,112.0,30.0,0.0,0.0,,10,650.0,Electricity,10,99.0,0.0,33.0,0.0,39860,False,0.0
4,2019,Hyundai,Ioniq Electric,0.06,4.0,150.0,0.0,22.0,0.0,0.0,136.0,25.0,0.0,0.0,,10,500.0,Electricity,10,122.0,0.0,28.0,0.0,40384,False,0.0
5,2019,Nissan,Leaf (40 kW-hr battery pack),0.072,8.0,124.0,0.0,27.0,0.0,0.0,111.0,30.0,0.0,0.0,,10,650.0,Electricity,10,99.0,0.0,33.0,0.0,40812,False,0.0
6,2019,Tesla,Model 3 Long Range AWD,0.0696,10.0,120.0,0.0,27.0,0.0,0.0,116.0,28.0,0.0,0.0,,10,600.0,Electricity,10,111.0,0.0,30.0,0.0,41190,False,8.0
7,2019,Tesla,Model 3 Standard Range Plus,0.06,9.0,140.0,0.0,24.0,0.0,0.0,132.0,25.0,0.0,0.0,,10,550.0,Electricity,10,124.0,0.0,27.0,0.0,41416,False,0.0
8,2020,Chevrolet,Bolt EV,0.0696,10.0,127.0,0.0,26.0,0.0,0.0,117.0,28.0,0.0,0.0,,10,600.0,Electricity,10,107.0,0.0,31.0,0.0,42191,False,0.0
9,2020,Hyundai,Ioniq Electric,0.06,5.0,144.0,0.0,23.0,0.0,0.0,132.0,25.0,0.0,0.0,,10,550.0,Electricity,10,120.0,0.0,27.0,0.0,42273,False,0.0
10,2020,Tesla,Model 3 Long Range AWD,0.0672,10.0,124.0,0.0,27.0,0.0,0.0,120.0,27.0,0.0,0.0,,10,600.0,Electricity,10,116.0,0.0,28.0,0.0,42275,False,8.0
11,2020,Tesla,Model 3 Long Range Performance AWD (18in),0.0672,10.0,124.0,0.0,27.0,0.0,0.0,121.0,28.0,0.0,0.0,,10,600.0,Electricity,10,116.0,0.0,29.0,0.0,42279,False,8.0
12,2020,Nissan,Leaf (62 kW-hr battery pack),0.0744,11.0,117.0,0.0,28.0,0.0,0.0,107.0,31.0,0.0,0.0,,10,650.0,Electricity,10,97.0,0.0,34.0,0.0,42562,False,0.0
13,2021,Ford,Mustang Mach-E RWD,0.0816,8.0,105.0,0.0,32.0,0.0,0.0,99.0,33.0,0.0,0.0,,10,700.0,Electricity,10,93.0,0.0,36.0,0.0,43604,False,0.0
14,2021,Nissan,Leaf (62 kW-hr battery pack),0.0744,11.0,117.0,0.0,28.0,0.0,0.0,107.0,31.0,0.0,0.0,,10,650.0,Electricity,10,97.0,0.0,34.0,0.0,43665,False,0.0
15,2021,Ford,Mustang Mach-E RWD California Route 1,0.0792,11.0,107.0,0.0,31.0,0.0,0.0,101.0,33.0,0.0,0.0,,10,700.0,Electricity,10,93.0,0.0,35.0,0.0,43683,False,0.0
16,2021,Tesla,Model 3 Standard Range Plus RWD,0.0576,7.0,150.0,0.0,22.0,0.0,0.0,141.0,23.0,0.0,0.0,,10,500.0,Electricity,10,133.0,0.0,25.0,0.0,43821,False,6.0
17,2022,Porsche,Taycan Turbo S,0.1152,10.0,69.0,0.0,48.0,0.0,0.0,70.0,48.0,0.0,0.0,,10,1000.0,Electricity,10,71.0,0.0,47.0,0.0,44792,False,0.0
18,2021,Ford,Mustang Mach-E GT Performance,0.0984,10.0,88.0,0.0,38.0,0.0,0.0,81.0,41.0,0.0,0.0,,10,850.0,Electricity,10,75.0,0.0,44.0,0.0,44798,False,0.0
19,2022,Kia,EV6 AWD (Long Range),0.0768,8.0,116.0,0.0,28.0,0.0,0.0,105.0,31.0,0.0,0.0,,10,650.0,Electricity,10,94.0,0.0,36.0,0.0,44925,False,0.0
20,2022,Tesla,Model 3 Long Range AWD,0.0624,11.0,134.0,0.0,25.0,0.0,0.0,130.0,25.0,0.0,0.0,,10,550.0,Electricity,10,126.0,0.0,26.0,0.0,45011,False,9.0
21,2022,Porsche,Taycan GTS,0.0984,10.0,83.0,0.0,40.0,0.0,0.0,82.0,40.0,0.0,0.0,,10,850.0,Electricity,10,82.0,0.0,40.0,0.0,45715,False,0.0
22,2023,Chevrolet,Bolt EV,0.0672,7.0,130.0,0.0,25.0,0.0,0.0,119.0,28.0,0.0,0.0,,10,600.0,Electricity,10,108.0,0.0,30.0,0.0,45751,False,0.0
23,2023,Kia,EV6 Long Range AWD (20 inch tires),0.0816,8.0,108.0,0.0,31.0,0.0,0.0,98.0,34.0,0.0,0.0,,10,700.0,Electricity,10,88.0,0.0,38.0,0.0,46005,False,0.0
24,2023,Kia,EV6 Long Range RWD,0.0672,8.0,138.0,0.0,24.0,0.0,0.0,120.0,28.0,0.0,0.0,,10,600.0,Electricity,10,103.0,0.0,32.0,0.0,46006,False,0.0
25,2023,Nissan,ARIYA VENTURE Plus FWD 87kWh,0.0792,14.0,110.0,0.0,30.0,0.0,0.0,103.0,32.0,0.0,0.0,,10,700.0,Electricity,10,94.0,0.0,35.0,0.0,46015,False,0.0
26,2023,Nissan,LEAF,0.072,8.0,122.0,0.0,27.0,0.0,0.0,110.0,30.0,0.0,0.0,,10,650.0,Electricity,10,98.0,0.0,34.0,0.0,46016,False,0.0
27,2023,Nissan,LEAF SV,0.0744,11.0,121.0,0.0,27.0,0.0,0.0,109.0,30.0,0.0,0.0,,10,650.0,Electricity,10,98.0,0.0,34.0,0.0,46017,False,0.0
28,2023,Porsche,Taycan GTS,0.0984,10.0,83.0,0.0,40.0,0.0,0.0,82.0,40.0,0.0,0.0,,10,850.0,Electricity,10,82.0,0.0,40.0,0.0,46022,False,0.0
29,2023,Porsche,Taycan Perf Battery Plus,0.0984,10.0,77.0,0.0,43.0,0.0,0.0,81.0,41.0,0.0,0.0,,10,850.0,Electricity,10,87.0,0.0,38.0,0.0,46024,False,0.0
30,2023,Porsche,Taycan Turbo S,0.108,10.0,76.0,0.0,43.0,0.0,0.0,75.0,44.0,0.0,0.0,,10,950.0,Electricity,10,74.0,0.0,45.0,0.0,46028,False,0.0
31,2023,Tesla,Model 3 RWD,0.06,10.0,137.0,0.0,24.0,0.0,0.0,132.0,25.0,0.0,0.0,,10,550.0,Electricity,10,126.0,0.0,26.0,0.0,46206,False,0.0
32,2012,Nissan,Leaf,0.0816,7.0,0.0,0.0,32.0,0.0,0.0,0.0,34.0,0.0,0.0,,-1,700.0,Electricity,-1,0.0,0.0,37.0,0.0,32154,False,0.0
33,2015,Ford,Focus Electric,0.0768,3.0,110.0,0.0,31.0,0.0,0.0,104.0,32.0,0.0,0.0,,10,650.0,Electricity,10,98.0,0.0,34.0,0.0,35970,False,0.0
34,2016,Mercedes-Benz,B250e,0.096,3.0,85.0,0.0,39.0,0.0,0.0,83.0,40.0,0.0,0.0,,10,850.0,Electricity,10,81.0,0.0,41.0,0.0,36997,False,0.0
35,2017,Honda,Clarity EV,0.072,4.0,125.0,0.0,27.0,0.0,0.0,114.0,30.0,0.0,0.0,,10,650.0,Electricity,10,102.0,0.0,33.0,0.0,39191,False,0.0
36,2018,Chevrolet,Bolt EV,0.0672,9.0,127.0,0.0,26.0,0.0,0.0,119.0,28.0,0.0,0.0,,10,600.0,Electricity,10,110.0,0.0,30.0,0.0,39786,False,0.0
37,2018,Tesla,Model 3 Long Range  AWD,0.0696,10.0,120.0,0.0,27.0,0.0,0.0,116.0,28.0,0.0,0.0,,10,600.0,Electricity,10,111.0,0.0,30.0,0.0,40385,False,8.0
38,2018,Tesla,Model 3 Mid Range,0.0648,10.0,127.0,0.0,26.0,0.0,0.0,122.0,27.0,0.0,0.0,,10,600.0,Electricity,10,116.0,0.0,28.0,0.0,41056,False,8.0
39,2020,Tesla,Model 3 Standard Range,0.0624,8.0,138.0,0.0,24.0,0.0,0.0,131.0,25.0,0.0,0.0,,10,550.0,Electricity,10,123.0,0.0,27.0,0.0,42277,False,0.0
40,2020,Tesla,Model 3 Long Range Performance AWD (20in),0.072,10.0,117.0,0.0,28.0,0.0,0.0,112.0,29.0,0.0,0.0,,10,650.0,Electricity,10,107.0,0.0,31.0,0.0,42281,False,8.0
41,2020,Kia,Niro Electric,0.072,9.0,123.0,0.0,27.0,0.0,0.0,112.0,30.0,0.0,0.0,,10,650.0,Electricity,10,101.0,0.0,33.0,0.0,42514,False,0.0
42,2020,Nissan,Leaf SV/SL (62 kW-hr battery pack),0.0768,11.0,114.0,0.0,29.0,0.0,0.0,104.0,32.0,0.0,0.0,,10,700.0,Electricity,10,94.0,0.0,35.0,0.0,42563,False,0.0
43,2020,Kia,Soul Electric,0.0696,9.0,127.0,0.0,25.0,0.0,0.0,114.0,29.0,0.0,0.0,,10,600.0,Electricity,10,101.0,0.0,33.0,0.0,43412,False,0.0
44,2021,Ford,Mustang Mach-E AWD Extended,0.0888,10.0,96.0,0.0,34.0,0.0,0.0,90.0,37.0,0.0,0.0,,10,800.0,Electricity,10,83.0,0.0,40.0,0.0,43603,False,0.0
45,2021,Nissan,Leaf (40 kW-hr battery pack),0.072,8.0,122.0,0.0,27.0,0.0,0.0,110.0,30.0,0.0,0.0,,10,650.0,Electricity,10,98.0,0.0,34.0,0.0,43664,False,0.0
46,2021,Hyundai,Ioniq Electric,0.06,5.0,144.0,0.0,23.0,0.0,0.0,132.0,25.0,0.0,0.0,,10,550.0,Electricity,10,120.0,0.0,27.0,0.0,43879,False,0.0
47,2022,Kia,Niro Electric,0.072,9.0,123.0,0.0,27.0,0.0,0.0,112.0,30.0,0.0,0.0,,10,650.0,Electricity,10,101.0,0.0,33.0,0.0,44445,False,0.0
48,2022,Nissan,Leaf SV/SL (62 kW-hr battery pack),0.0768,11.0,114.0,0.0,29.0,0.0,0.0,104.0,32.0,0.0,0.0,,10,700.0,Electricity,10,94.0,0.0,35.0,0.0,44448,False,0.0
49,2021,Porsche,Taycan 4 Cross Turismo,0.1056,10.0,76.0,0.0,44.0,0.0,0.0,76.0,44.0,0.0,0.0,,10,950.0,Electricity,10,76.0,0.0,43.0,0.0,44721,False,0.0
50,2021,Porsche,Taycan Turbo S Cross Turismo,0.1104,10.0,73.0,0.0,45.0,0.0,0.0,73.0,46.0,0.0,0.0,,10,950.0,Electricity,10,72.0,0.0,46.0,0.0,44723,False,0.0
51,2022,Mazda,MX-30,0.0888,5.0,98.0,0.0,34.0,0.0,0.0,91.0,36.0,0.0,0.0,,10,750.0,Electricity,10,84.0,0.0,39.0,0.0,44784,False,0.0
52,2022,Porsche,Taycan Perf Battery,0.1008,9.0,76.0,0.0,44.0,0.0,0.0,79.0,42.0,0.0,0.0,,10,900.0,Electricity,10,84.0,0.0,40.0,0.0,44789,False,0.0
53,2022,Porsche,Taycan Perf Battery Plus,0.108,10.0,71.0,0.0,47.0,0.0,0.0,74.0,44.0,0.0,0.0,,10,950.0,Electricity,10,80.0,0.0,42.0,0.0,44790,False,0.0
54,2022,Tesla,Model 3 Performance AWD,0.072,10.0,117.0,0.0,28.0,0.0,0.0,112.0,29.0,0.0,0.0,,10,650.0,Electricity,10,106.0,0.0,31.0,0.0,45012,False,9.0
55,2023,Polestar,2 Dual Motor,0.0816,8.0,104.0,0.0,32.0,0.0,0.0,100.0,33.0,0.0,0.0,,10,700.0,Electricity,10,95.0,0.0,35.0,0.0,45753,False,0.0
56,2023,Polestar,2 Dual Motor Perf Pack,0.0816,8.0,104.0,0.0,32.0,0.0,0.0,100.0,33.0,0.0,0.0,,10,700.0,Electricity,10,95.0,0.0,35.0,0.0,45754,False,0.0
57,2023,Polestar,2 Single Motor,0.0744,8.0,113.0,0.0,29.0,0.0,0.0,107.0,31.0,0.0,0.0,,10,650.0,Electricity,10,100.0,0.0,33.0,0.0,45755,False,0.0
58,2023,Nissan,ARIYA ENGAGE FWD 63kWh,0.0792,10.0,108.0,0.0,31.0,0.0,0.0,101.0,33.0,0.0,0.0,,10,700.0,Electricity,10,93.0,0.0,35.0,0.0,46013,False,0.0
59,2023,Porsche,Taycan 4 Cross Turismo,0.1008,10.0,80.0,0.0,42.0,0.0,0.0,80.0,42.0,0.0,0.0,,10,900.0,Electricity,10,80.0,0.0,41.0,0.0,46018,False,0.0
60,2023,Porsche,Taycan GTS Sport Turismo,0.1008,10.0,80.0,0.0,41.0,0.0,0.0,80.0,42.0,0.0,0.0,,10,900.0,Electricity,10,79.0,0.0,42.0,0.0,46023,False,0.0
61,2023,Tesla,Model 3 Performance AWD,0.072,10.0,117.0,0.0,28.0,0.0,0.0,112.0,29.0,0.0,0.0,,10,650.0,Electricity,10,106.0,0.0,31.0,0.0,46205,False,0.0
62,2013,Ford,Focus Electric,0.0768,4.0,110.0,0.0,31.0,0.0,0.0,104.0,32.0,0.0,0.0,,10,650.0,Electricity,10,98.0,0.0,34.0,0.0,33024,False,0.0
63,2013,Honda,Fit EV,0.0696,4.0,131.0,0.0,26.0,0.0,0.0,118.0,29.0,0.0,0.0,,10,600.0,Electricity,10,104.0,0.0,32.0,0.0,33265,False,0.0
64,2015,Volkswagen,e-Golf,0.0696,4.0,125.0,0.0,26.0,0.0,0.0,115.0,29.0,0.0,0.0,,10,600.0,Electricity,10,105.0,0.0,32.0,0.0,35849,False,0.0
65,2016,Nissan,Leaf (30 kW-hr battery pack),0.072,6.0,123.0,0.0,27.0,0.0,0.0,112.0,29.0,0.0,0.0,,10,650.0,Electricity,10,101.0,0.0,33.0,0.0,37067,False,0.0
66,2012,Ford,Focus Electric,0.0768,4.0,110.0,0.0,31.0,0.0,0.0,104.0,32.0,0.0,0.0,,-1,650.0,Electricity,-1,98.0,0.0,34.0,0.0,32278,False,0.0
67,2014,Nissan,Leaf,0.072,8.0,126.0,0.0,27.0,0.0,0.0,113.0,30.0,0.0,0.0,,10,650.0,Electricity,10,101.0,0.0,33.0,0.0,34699,False,5.0
68,2016,Kia,Soul Electric,0.0768,4.0,119.0,0.0,28.0,0.0,0.0,105.0,31.0,0.0,0.0,,10,650.0,Electricity,10,92.0,0.0,36.0,0.0,36553,False,0.0
69,2018,Ford,Focus Electric,0.0744,5.0,118.0,0.0,28.0,0.0,0.0,107.0,31.0,0.0,0.0,,10,650.0,Electricity,10,95.0,0.0,35.0,0.0,39640,False,0.0
70,2018,Tesla,Model 3 Long Range,0.0624,10.0,136.0,0.0,24.0,0.0,0.0,130.0,25.0,0.0,0.0,,10,550.0,Electricity,10,123.0,0.0,27.0,0.0,39836,False,8.0
71,2018,Tesla,Model 3 Long Range  AWD Performance,0.0696,10.0,120.0,0.0,27.0,0.0,0.0,116.0,28.0,0.0,0.0,,10,600.0,Electricity,10,111.0,0.0,30.0,0.0,40386,False,8.0
72,2019,Volkswagen,e-Golf,0.0672,5.0,125.0,0.0,26.0,0.0,0.0,118.0,28.0,0.0,0.0,,10,600.0,Electricity,10,110.0,0.0,30.0,0.0,40769,False,0.0
73,2019,Nissan,Leaf (62 kW-hr battery pack),0.0744,11.0,118.0,0.0,29.0,0.0,0.0,108.0,31.0,0.0,0.0,,10,650.0,Electricity,10,97.0,0.0,35.0,0.0,41276,False,0.0
74,2019,Nissan,Leaf SV/SL (62 kW-hr battery pack),0.0768,11.0,114.0,0.0,29.0,0.0,0.0,104.0,32.0,0.0,0.0,,10,700.0,Electricity,10,94.0,0.0,35.0,0.0,41277,False,0.0
75,2020,Tesla,Model 3 Long Range,0.0624,10.0,136.0,0.0,24.0,0.0,0.0,130.0,25.0,0.0,0.0,,10,550.0,Electricity,10,123.0,0.0,27.0,0.0,42274,False,8.0
76,2020,Tesla,Model 3 Mid Range,0.0648,10.0,127.0,0.0,26.0,0.0,0.0,122.0,27.0,0.0,0.0,,10,600.0,Electricity,10,116.0,0.0,28.0,0.0,42276,False,8.0
77,2020,Tesla,Model 3 Long Range Performance AWD (19in),0.0696,10.0,118.0,0.0,28.0,0.0,0.0,115.0,29.0,0.0,0.0,,10,600.0,Electricity,10,112.0,0.0,30.0,0.0,42280,False,8.0
78,2021,Porsche,Taycan Perf Battery,0.0984,9.0,76.0,0.0,43.0,0.0,0.0,79.0,41.0,0.0,0.0,,10,850.0,Electricity,10,84.0,0.0,39.0,0.0,43802,False,0.0
79,2022,Nissan,Leaf (40 kW-hr battery pack),0.072,8.0,122.0,0.0,27.0,0.0,0.0,110.0,30.0,0.0,0.0,,10,650.0,Electricity,10,98.0,0.0,34.0,0.0,44446,False,0.0
80,2021,Porsche,Taycan 4S Cross Turismo,0.108,10.0,75.0,0.0,44.0,0.0,0.0,75.0,45.0,0.0,0.0,,10,950.0,Electricity,10,75.0,0.0,45.0,0.0,44722,False,0.0
81,2021,Porsche,Taycan Turbo Cross Turismo,0.1128,10.0,71.0,0.0,46.0,0.0,0.0,71.0,46.0,0.0,0.0,,10,1000.0,Electricity,10,71.0,0.0,46.0,0.0,44724,False,0.0
82,2022,Audi,RS e-tron GT,0.1008,10.0,79.0,0.0,42.0,0.0,0.0,80.0,41.0,0.0,0.0,,10,900.0,Electricity,10,81.0,0.0,41.0,0.0,44783,False,0.0
83,2022,Porsche,Taycan 4S Perf Battery,0.1008,9.0,78.0,0.0,42.0,0.0,0.0,79.0,42.0,0.0,0.0,,10,900.0,Electricity,10,80.0,0.0,42.0,0.0,44787,False,0.0
84,2022,Porsche,Taycan 4S Cross Turismo,0.108,10.0,75.0,0.0,44.0,0.0,0.0,75.0,45.0,0.0,0.0,,10,950.0,Electricity,10,75.0,0.0,45.0,0.0,44794,False,0.0
85,2022,Porsche,Taycan Turbo Cross Turismo,0.1128,10.0,71.0,0.0,46.0,0.0,0.0,71.0,46.0,0.0,0.0,,10,1000.0,Electricity,10,71.0,0.0,46.0,0.0,44795,False,0.0
86,2023,Chevrolet,Bolt EUV,0.0696,7.0,124.0,0.0,27.0,0.0,0.0,114.0,29.0,0.0,0.0,,10,600.0,Electricity,10,104.0,0.0,32.0,0.0,45750,False,0.0
87,2023,Polestar,2 BST edition,0.0864,8.0,98.0,0.0,34.0,0.0,0.0,94.0,35.0,0.0,0.0,,10,750.0,Electricity,10,90.0,0.0,37.0,0.0,45752,False,0.0
88,2023,Porsche,Taycan 4S Cross Turismo,0.1032,10.0,78.0,0.0,42.0,0.0,0.0,78.0,42.0,0.0,0.0,,10,900.0,Electricity,10,78.0,0.0,42.0,0.0,46019,False,0.0
89,2023,Porsche,Taycan Turbo S Cross Turismo,0.108,10.0,76.0,0.0,43.0,0.0,0.0,75.0,44.0,0.0,0.0,,10,950.0,Electricity,10,74.0,0.0,45.0,0.0,46029,False,0.0
90,2023,Hyundai,Ioniq 6 Standard Range RWD,0.06,6.0,151.0,0.0,21.0,0.0,0.0,135.0,25.0,0.0,0.0,,10,500.0,Electricity,10,120.0,0.0,28.0,0.0,46624,False,0.0
91,2017,Nissan,Leaf,0.072,6.0,123.0,0.0,27.0,0.0,0.0,112.0,29.0,0.0,0.0,,10,650.0,Electricity,10,101.0,0.0,33.0,0.0,38428,False,0.0
92,2018,Hyundai,Ioniq Electric,0.06,4.0,150.0,0.0,22.0,0.0,0.0,136.0,25.0,0.0,0.0,,10,500.0,Electricity,10,122.0,0.0,28.0,0.0,39641,False,0.0
93,2017,Tesla,Model 3 Long Range,0.0648,12.0,130.0,0.0,25.0,0.0,0.0,125.0,26.0,0.0,0.0,,10,550.0,Electricity,10,119.0,0.0,28.0,0.0,39769,False,8.0
94,2018,Honda,Clarity EV,0.072,4.0,125.0,0.0,26.0,0.0,0.0,114.0,29.0,0.0,0.0,,10,600.0,Electricity,10,102.0,0.0,32.0,0.0,40044,False,0.0
95,2019,Chevrolet,Bolt EV,0.0672,9.0,127.0,0.0,26.0,0.0,0.0,119.0,28.0,0.0,0.0,,10,600.0,Electricity,10,110.0,0.0,30.0,0.0,40520,False,0.0
96,2019,Kia,Niro Electric,0.072,9.0,123.0,0.0,27.0,0.0,0.0,112.0,30.0,0.0,0.0,,10,650.0,Electricity,10,101.0,0.0,33.0,0.0,41060,False,0.0
97,2019,Honda,Clarity EV,0.072,4.0,125.0,0.0,26.0,0.0,0.0,114.0,29.0,0.0,0.0,,10,600.0,Electricity,10,102.0,0.0,32.0,0.0,41185,False,0.0
98,2019,Tesla,Model 3 Long Range,0.0624,10.0,136.0,0.0,24.0,0.0,0.0,130.0,25.0,0.0,0.0,,10,550.0,Electricity,10,123.0,0.0,27.0,0.0,41189,False,8.0
99,2019,Tesla,Model 3 Long Range AWD Performance,0.0696,10.0,120.0,0.0,27.0,0.0,0.0,116.0,28.0,0.0,0.0,,10,600.0,Electricity,10,111.0,0.0,30.0,0.0,41191,False,8.0
100,2021,Tesla,Model 3 Performance AWD,0.072,11.0,117.0,0.0,28.0,0.0,0.0,112.0,29.0,0.0,0.0,,10,650.0,Electricity,10,106.0,0.0,31.0,0.0,43402,False,9.0
101,2021,Ford,Mustang Mach-E AWD,0.0864,8.0,99.0,0.0,33.0,0.0,0.0,92.0,36.0,0.0,0.0,,10,750.0,Electricity,10,85.0,0.0,39.0,0.0,43602,False,0.0
102,2021,Kandi,K27,0.072,7.0,126.0,0.0,26.0,0.0,0.0,114.0,29.0,0.0,0.0,,10,600.0,Electricity,10,101.0,0.0,33.0,0.0,43640,False,0.0
103,2021,Chevrolet,Bolt EV,0.0696,10.0,127.0,0.0,26.0,0.0,0.0,117.0,28.0,0.0,0.0,,10,600.0,Electricity,10,107.0,0.0,31.0,0.0,43663,False,0.0
104,2021,Nissan,Leaf SV/SL (62 kW-hr battery pack),0.0768,11.0,114.0,0.0,29.0,0.0,0.0,104.0,32.0,0.0,0.0,,10,700.0,Electricity,10,94.0,0.0,35.0,0.0,43666,False,0.0
105,2022,Chevrolet,Bolt EUV,0.0696,7.0,124.0,0.0,27.0,0.0,0.0,114.0,29.0,0.0,0.0,,10,600.0,Electricity,10,104.0,0.0,32.0,0.0,43954,False,0.0
106,2022,Chevrolet,Bolt EV,0.0672,7.0,130.0,0.0,25.0,0.0,0.0,119.0,28.0,0.0,0.0,,10,600.0,Electricity,10,108.0,0.0,30.0,0.0,43955,False,0.0
107,2022,Nissan,Leaf (62 kW-hr battery pack),0.0744,11.0,117.0,0.0,28.0,0.0,0.0,107.0,31.0,0.0,0.0,,10,650.0,Electricity,10,97.0,0.0,34.0,0.0,44447,False,0.0
108,2022,Polestar,2 Dual Motor,0.0912,8.0,93.0,0.0,35.0,0.0,0.0,89.0,37.0,0.0,0.0,,10,800.0,Electricity,10,84.0,0.0,40.0,0.0,44449,False,0.0
109,2022,Porsche,Taycan 4S Perf Battery Plus,0.1032,10.0,74.0,0.0,45.0,0.0,0.0,77.0,43.0,0.0,0.0,,10,900.0,Electricity,10,81.0,0.0,41.0,0.0,44788,False,0.0
110,2022,Porsche,Taycan Turbo,0.1104,10.0,71.0,0.0,45.0,0.0,0.0,73.0,46.0,0.0,0.0,,10,950.0,Electricity,10,75.0,0.0,43.0,0.0,44791,False,0.0
111,2022,Porsche,Taycan Turbo S Cross Turismo,0.1104,10.0,73.0,0.0,45.0,0.0,0.0,73.0,46.0,0.0,0.0,,10,950.0,Electricity,10,72.0,0.0,46.0,0.0,44796,False,0.0
112,2022,Kia,EV6 RWD (Long Range),0.0696,8.0,134.0,0.0,25.0,0.0,0.0,117.0,29.0,0.0,0.0,,10,600.0,Electricity,10,101.0,0.0,33.0,0.0,44926,False,0.0
113,2022,Kia,EV6 RWD (Standard Range),0.0696,6.0,136.0,0.0,25.0,0.0,0.0,117.0,29.0,0.0,0.0,,10,600.0,Electricity,10,100.0,0.0,34.0,0.0,44927,False,0.0
114,2022,Tesla,Model 3 RWD,0.06,10.0,137.0,0.0,24.0,0.0,0.0,132.0,25.0,0.0,0.0,,10,550.0,Electricity,10,126.0,0.0,26.0,0.0,45013,False,5.0
115,2023,Genesis,Electrified G80,0.0816,9.0,108.0,0.0,31.0,0.0,0.0,100.0,33.0,0.0,0.0,,10,700.0,Electricity,10,92.0,0.0,36.0,0.0,45999,False,0.0
116,2023,Kia,EV6 AWD GT,0.1008,8.0,84.0,0.0,39.0,0.0,0.0,79.0,42.0,0.0,0.0,,10,900.0,Electricity,10,73.0,0.0,45.0,0.0,46003,False,0.0
117,2023,Kia,EV6 Standard Range RWD,0.0672,6.0,138.0,0.0,24.0,0.0,0.0,119.0,28.0,0.0,0.0,,10,600.0,Electricity,10,101.0,0.0,33.0,0.0,46007,False,0.0
118,2023,Porsche,Taycan 4S Perf Battery Plus,0.1008,10.0,79.0,0.0,42.0,0.0,0.0,79.0,42.0,0.0,0.0,,10,900.0,Electricity,10,80.0,0.0,41.0,0.0,46020,False,0.0
119,2023,Porsche,Taycan Performance Battery,0.0984,9.0,79.0,0.0,42.0,0.0,0.0,82.0,40.0,0.0,0.0,,10,850.0,Electricity,10,87.0,0.0,38.0,0.0,46025,False,0.0
120,2023,Porsche,Taycan Turbo,0.1008,10.0,81.0,0.0,41.0,0.0,0.0,80.0,41.0,0.0,0.0,,10,900.0,Electricity,10,79.0,0.0,42.0,0.0,46026,False,0.0
121,2023,Porsche,Taycan Turbo Cross Turismo,0.1008,10.0,82.0,0.0,41.0,0.0,0.0,80.0,41.0,0.0,0.0,,10,850.0,Electricity,10,79.0,0.0,42.0,0.0,46027,False,0.0
122,2023,Tesla,Model 3 Long Range AWD,0.0624,11.0,134.0,0.0,25.0,0.0,0.0,130.0,25.0,0.0,0.0,,10,550.0,Electricity,10,126.0,0.0,26.0,0.0,46204,False,0.0
123,2011,Nissan,Leaf,0.0816,7.0,0.0,0.0,32.0,0.0,0.0,0.0,34.0,0.0,0.0,,-1,700.0,Electricity,-1,0.0,0.0,37.0,0.0,30979,False,0.0
124,2014,Honda,Fit EV,0.0696,4.0,131.0,0.0,26.0,0.0,0.0,118.0,29.0,0.0,0.0,,10,600.0,Electricity,10,104.0,0.0,32.0,0.0,33905,False,0.0
125,2015,Nissan,Leaf,0.072,8.0,126.0,0.0,26.0,0.0,0.0,113.0,29.0,0.0,0.0,,10,600.0,Electricity,10,101.0,0.0,33.0,0.0,34918,False,5.0
126,2014,Mercedes-Benz,B-Class Electric Drive,0.096,3.0,84.0,0.0,40.0,0.0,0.0,83.0,40.0,0.0,0.0,,10,850.0,Electricity,10,82.0,0.0,41.0,0.0,35247,False,0.0
127,2016,Ford,Focus Electric,0.0768,3.0,110.0,0.0,31.0,0.0,0.0,104.0,32.0,0.0,0.0,,10,650.0,Electricity,10,98.0,0.0,34.0,0.0,36978,False,0.0
128,2016,Nissan,Leaf (24 kW-hr battery pack),0.072,8.0,126.0,0.0,26.0,0.0,0.0,113.0,29.0,0.0,0.0,,10,600.0,Electricity,10,101.0,0.0,33.0,0.0,37066,False,5.0
129,2023,Hyundai,Ioniq 6 Long range AWD (20 inch Wheels),0.0792,7.0,111.0,0.0,31.0,0.0,0.0,103.0,32.0,0.0,0.0,,10,700.0,Electricity,10,94.0,0.0,35.0,0.0,46621,False,0.0
130,2017,Mercedes-Benz,B250e,0.096,3.0,85.0,0.0,39.0,0.0,0.0,83.0,40.0,0.0,0.0,,10,850.0,Electricity,10,81.0,0.0,41.0,0.0,38002,False,0.0
131,2017,Chevrolet,Bolt EV,0.0672,9.0,127.0,0.0,26.0,0.0,0.0,119.0,28.0,0.0,0.0,,10,600.0,Electricity,10,110.0,0.0,30.0,0.0,38187,False,0.0
132,2017,Volkswagen,e-Golf,0.0672,5.0,125.0,0.0,26.0,0.0,0.0,118.0,28.0,0.0,0.0,,10,600.0,Electricity,10,110.0,0.0,30.0,0.0,38549,False,0.0
133,2018,Kia,Soul Electric,0.0744,5.0,123.0,0.0,27.0,0.0,0.0,107.0,31.0,0.0,0.0,,10,650.0,Electricity,10,93.0,0.0,36.0,0.0,39322,False,0.0
134,2018,Volkswagen,e-Golf,0.0672,5.0,125.0,0.0,26.0,0.0,0.0,118.0,28.0,0.0,0.0,,10,600.0,Electricity,10,110.0,0.0,30.0,0.0,39871,False,0.0
135,2019,Kia,Soul Electric,0.0744,5.0,123.0,0.0,27.0,0.0,0.0,107.0,31.0,0.0,0.0,,10,650.0,Electricity,10,93.0,0.0,36.0,0.0,40768,False,0.0
136,2019,Tesla,Model 3 Mid Range,0.0648,10.0,127.0,0.0,26.0,0.0,0.0,122.0,27.0,0.0,0.0,,10,600.0,Electricity,10,116.0,0.0,28.0,0.0,41188,False,8.0
137,2019,Tesla,Model 3 Standard Range,0.0624,8.0,138.0,0.0,24.0,0.0,0.0,131.0,25.0,0.0,0.0,,10,550.0,Electricity,10,123.0,0.0,27.0,0.0,41415,False,0.0
138,2020,Tesla,Model 3 Standard Range Plus,0.0576,8.0,148.0,0.0,22.0,0.0,0.0,140.0,23.0,0.0,0.0,,10,500.0,Electricity,10,131.0,0.0,25.0,0.0,42278,False,0.0
139,2020,Nissan,Leaf (40 kW-hr battery pack),0.072,8.0,122.0,0.0,27.0,0.0,0.0,110.0,30.0,0.0,0.0,,10,650.0,Electricity,10,98.0,0.0,34.0,0.0,42561,False,0.0
140,2021,Polestar,2,0.0888,8.0,95.0,0.0,35.0,0.0,0.0,91.0,36.0,0.0,0.0,,10,750.0,Electricity,10,87.0,0.0,38.0,0.0,43294,False,0.0
141,2021,Tesla,Model 3 Long Range AWD,0.06,11.0,140.0,0.0,23.0,0.0,0.0,134.0,25.0,0.0,0.0,,10,550.0,Electricity,10,127.0,0.0,26.0,0.0,43401,False,9.0
142,2021,Ford,Mustang Mach-E RWD Extended,0.084,10.0,103.0,0.0,32.0,0.0,0.0,97.0,34.0,0.0,0.0,,10,750.0,Electricity,10,90.0,0.0,37.0,0.0,43605,False,0.0
143,2021,Porsche,Taycan Perf Battery Plus,0.108,10.0,71.0,0.0,47.0,0.0,0.0,74.0,44.0,0.0,0.0,,10,950.0,Electricity,10,80.0,0.0,42.0,0.0,43803,False,0.0
144,2021,Kia,Niro Electric,0.072,9.0,123.0,0.0,27.0,0.0,0.0,112.0,30.0,0.0,0.0,,10,650.0,Electricity,10,101.0,0.0,33.0,0.0,43820,False,0.0
145,2022,Audi,e-tron GT,0.0984,10.0,80.0,0.0,41.0,0.0,0.0,81.0,41.0,0.0,0.0,,10,850.0,Electricity,10,82.0,0.0,40.0,0.0,44776,False,0.0
146,2022,Porsche,Taycan 4 Cross Turismo,0.1056,10.0,76.0,0.0,44.0,0.0,0.0,76.0,44.0,0.0,0.0,,10,950.0,Electricity,10,76.0,0.0,43.0,0.0,44793,False,0.0
147,2021,Ford,Mustang Mach-E GT,0.096,10.0,90.0,0.0,37.0,0.0,0.0,83.0,40.0,0.0,0.0,,10,850.0,Electricity,10,77.0,0.0,43.0,0.0,44797,False,0.0
148,2022,Polestar,2 Single Motor,0.0744,8.0,113.0,0.0,29.0,0.0,0.0,107.0,31.0,0.0,0.0,,10,650.0,Electricity,10,100.0,0.0,33.0,0.0,44928,False,0.0
149,2022,Porsche,Taycan GTS ST,0.1008,10.0,80.0,0.0,41.0,0.0,0.0,80.0,42.0,0.0,0.0,,10,900.0,Electricity,10,79.0,0.0,42.0,0.0,45716,False,0.0
150,2023,Audi,e-tron GT,0.0984,10.0,80.0,0.0,41.0,0.0,0.0,81.0,41.0,0.0,0.0,,10,850.0,Electricity,10,82.0,0.0,40.0,0.0,45981,False,0.0
151,2023,Audi,RS e-tron GT,0.1008,10.0,79.0,0.0,42.0,0.0,0.0,80.0,41.0,0.0,0.0,,10,900.0,Electricity,10,81.0,0.0,41.0,0.0,45982,False,0.0
152,2023,Kia,EV6 Long Range AWD (19 inch tires),0.0744,8.0,119.0,0.0,28.0,0.0,0.0,108.0,31.0,0.0,0.0,,10,650.0,Electricity,10,97.0,0.0,34.0,0.0,46004,False,0.0
153,2023,Kia,Niro Electric,0.0696,7.0,128.0,0.0,26.0,0.0,0.0,115.0,29.0,0.0,0.0,,10,600.0,Electricity,10,102.0,0.0,32.0,0.0,46008,False,0.0
154,2023,Nissan,ARIYA EVO Plus/EMP Plus/PRM FWD 87kWh,0.0816,14.0,104.0,0.0,32.0,0.0,0.0,98.0,34.0,0.0,0.0,,10,700.0,Electricity,10,90.0,0.0,37.0,0.0,46014,False,0.0
155,2023,Porsche,Taycan 4S Performance Battery,0.096,9.0,83.0,0.0,40.0,0.0,0.0,83.0,40.0,0.0,0.0,,10,850.0,Electricity,10,83.0,0.0,40.0,0.0,46021,False,0.0
156,2013,Nissan,Leaf,0.0696,7.0,128.0,0.0,26.0,0.0,0.0,115.0,29.0,0.0,0.0,,10,600.0,Electricity,10,102.0,0.0,33.0,0.0,33558,False,4.0
157,2014,Ford,Focus Electric,0.0768,3.0,110.0,0.0,31.0,0.0,0.0,104.0,32.0,0.0,0.0,,10,650.0,Electricity,10,98.0,0.0,34.0,0.0,34130,False,0.0
158,2015,Kia,Soul Electric,0.0768,4.0,119.0,0.0,28.0,0.0,0.0,105.0,31.0,0.0,0.0,,10,650.0,Electricity,10,92.0,0.0,36.0,0.0,35601,False,0.0
159,2015,Mercedes-Benz,B-Class Electric Drive,0.096,3.0,85.0,0.0,39.0,0.0,0.0,83.0,40.0,0.0,0.0,,10,850.0,Electricity,10,81.0,0.0,41.0,0.0,35960,False,0.0
160,2016,Volkswagen,e-Golf,0.0696,3.0,125.0,0.0,26.0,0.0,0.0,115.0,29.0,0.0,0.0,,10,600.0,Electricity,10,105.0,0.0,32.0,0.0,36834,False,7.0
161,2023,Hyundai,Ioniq 6 Long range AWD (18 inch Wheels),0.0672,7.0,130.0,0.0,26.0,0.0,0.0,121.0,28.0,0.0,0.0,,10,600.0,Electricity,10,111.0,0.0,29.0,0.0,46620,False,0.0
162,2023,Hyundai,Ioniq 6 Long range RWD (18 inch Wheels),0.0576,7.0,153.0,0.0,21.0,0.0,0.0,140.0,23.0,0.0,0.0,,10,500.0,Electricity,10,127.0,0.0,27.0,0.0,46622,False,0.0
163,2023,Hyundai,Ioniq 6 Long range RWD (20 inch Wheels),0.0696,7.0,129.0,0.0,26.0,0.0,0.0,117.0,29.0,0.0,0.0,,10,600.0,Electricity,10,105.0,0.0,32.0,0.0,46623,False,0.0
164,2017,Kia,Optima Plug-in Hybrid,3.224983201,2.0,102.0,0.0,33.0,0.0,-1.0,103.0,33.0,0.0,0.0,4.0,10,0.0,Electricity,-1,104.0,0.0,32.0,0.0,38406,True,0.0
165,2017,Ford,C-MAX Energi Plug-In Hybrid,4.099308238,2.0,103.0,0.0,33.0,0.0,-1.0,95.0,35.0,0.0,0.0,4.0,10,0.0,Electricity,-1,86.0,0.0,38.0,0.0,38506,True,0.0
166,2017,Cadillac,CT6 Plug-In,4.925934656,4.0,56.0,0.0,59.0,0.0,-1.0,62.0,54.0,0.0,0.0,4.0,9,0.0,Electricity,-1,70.0,0.0,48.0,0.0,38650,True,0.0
167,2018,Chevrolet,Volt,1.739975182,4.0,113.0,0.0,29.0,0.0,-1.0,106.0,31.0,0.0,0.0,4.0,10,650.0,Electricity,-1,99.0,0.0,34.0,0.0,39190,False,0.0
168,2018,Kia,Niro Plug-in Hybrid,3.023125631,2.0,109.0,0.0,30.0,0.0,-1.0,104.0,32.0,0.0,0.0,4.0,10,0.0,Electricity,-1,99.0,0.0,34.0,0.0,39799,True,0.0
169,2018,Toyota,Prius Prime,2.629784508,2.0,145.0,0.0,23.0,0.0,-1.0,133.0,25.0,0.0,0.0,4.0,10,0.0,Electricity,-1,121.0,0.0,28.0,0.0,39882,True,0.0
170,2019,BMW,530e,6.484951266,2.0,69.0,0.0,47.0,0.0,-1.0,72.0,46.0,0.0,0.0,4.0,8,0.0,Electricity,-1,75.0,0.0,45.0,0.0,40556,True,0.0
171,2019,Ford,Fusion Energi Plug-in Hybrid,3.334899543,2.0,108.0,0.0,31.0,0.0,-1.0,103.0,33.0,0.0,0.0,4.0,10,0.0,Electricity,-1,97.0,0.0,35.0,0.0,40809,True,0.0
172,2019,Kia,Niro Plug-in Hybrid,3.023125631,2.0,109.0,0.0,30.0,0.0,-1.0,104.0,32.0,0.0,0.0,4.0,10,0.0,Electricity,-1,99.0,0.0,34.0,0.0,40863,True,0.0
173,2019,Chevrolet,Volt,1.713348371,4.0,113.0,0.0,29.0,0.0,-1.0,106.0,31.0,0.0,0.0,4.0,10,650.0,Electricity,-1,98.0,0.0,33.0,0.0,40924,False,2.0
174,2019,Toyota,Prius Prime,2.629784508,2.0,145.0,0.0,23.0,0.0,-1.0,133.0,25.0,0.0,0.0,4.0,10,0.0,Electricity,-1,121.0,0.0,28.0,0.0,41184,True,0.0
175,2020,Kia,Niro Plug-in Hybrid,3.023125631,2.0,109.0,0.0,30.0,0.0,-1.0,104.0,32.0,0.0,0.0,4.0,10,0.0,Electricity,-1,99.0,0.0,34.0,0.0,42354,True,0.0
176,2020,MINI,Cooper SE Countryman All4,5.849940074,2.0,73.0,0.0,45.0,0.0,-1.0,72.0,46.0,0.0,0.0,3.0,9,0.0,Electricity,-1,71.0,0.0,47.0,0.0,42371,True,0.0
177,2020,Honda,Clarity Plug-in Hybrid,1.971654758,2.0,117.0,0.0,29.0,0.0,-1.0,109.0,31.0,0.0,0.0,4.0,10,0.0,Electricity,-1,102.0,0.0,33.0,0.0,42480,True,0.0
178,2021,BMW,330e xDrive,6.50165907,3.0,64.0,0.0,54.0,0.0,-1.0,66.0,51.0,0.0,0.0,4.0,7,0.0,Electricity,-1,70.0,0.0,47.0,0.0,42570,True,0.0
179,2021,Toyota,Prius Prime,2.629784508,2.0,145.0,0.0,23.0,0.0,-1.0,133.0,25.0,0.0,0.0,4.0,10,0.0,Electricity,-1,121.0,0.0,28.0,0.0,42814,True,0.0
180,2021,Honda,Clarity Plug-in Hybrid,1.971654758,2.0,117.0,0.0,29.0,0.0,-1.0,109.0,31.0,0.0,0.0,4.0,10,0.0,Electricity,-1,102.0,0.0,33.0,0.0,42983,True,0.0
181,2021,Hyundai,Ioniq Plug-in Hybrid,2.494817319,2.0,123.0,0.0,28.0,0.0,-1.0,119.0,28.0,0.0,0.0,4.0,10,0.0,Electricity,-1,115.0,0.0,28.0,0.0,43725,True,0.0
182,2021,BMW,530e,6.076759944,3.0,58.0,0.0,50.0,0.0,-1.0,64.0,49.0,0.0,0.0,4.0,8,0.0,Electricity,-1,72.0,0.0,48.0,0.0,43738,True,0.0
183,2022,Audi,A7 TFSI e quattro,4.256578277,3.0,66.0,0.0,51.0,0.0,-1.0,70.0,48.0,0.0,0.0,4.0,8,0.0,Electricity,-1,75.0,0.0,44.0,0.0,44158,True,0.0
184,2022,Volvo,S60 T8 AWD Recharge,5.101057673,3.0,74.0,0.0,46.0,0.0,-1.0,73.0,47.0,0.0,0.0,4.0,8,0.0,Electricity,-1,71.0,0.0,48.0,0.0,44266,True,0.0
185,2022,BMW,330e Sedan,5.373019947,3.0,71.0,0.0,47.0,0.0,-1.0,75.0,45.0,0.0,0.0,4.0,8,0.0,Electricity,-1,79.0,0.0,42.0,0.0,45116,True,0.0
186,2022,BMW,530e xDrive Sedan,6.855467968,3.0,58.0,0.0,56.0,0.0,-1.0,62.0,53.0,0.0,0.0,4.0,7,0.0,Electricity,-1,67.0,0.0,50.0,0.0,45118,True,0.0
187,2023,BMW,530e xDrive Sedan,6.855467968,3.0,58.0,0.0,56.0,0.0,-1.0,62.0,53.0,0.0,0.0,4.0,6,0.0,Electricity,-1,67.0,0.0,50.0,0.0,46247,True,0.0
188,2014,Ford,Fusion Energi Plug-in Hybrid,4.352996461,2.0,94.0,0.0,34.0,0.0,-1.0,87.0,37.0,0.0,0.0,4.0,10,0.0,Electricity,-1,81.0,0.0,42.0,0.0,34089,True,0.0
189,2014,Toyota,Prius Plug-in Hybrid,4.25080842,1.0,90.0,0.0,26.0,0.0,-1.0,95.0,29.0,0.0,0.0,4.0,10,0.0,Electricity,-1,102.0,0.0,33.0,0.0,34516,True,0.0
190,2015,Ford,C-MAX Energi Plug-in Hybrid,4.352996461,2.0,94.0,0.0,34.0,0.0,-1.0,87.0,37.0,0.0,0.0,4.0,10,0.0,Electricity,-1,81.0,0.0,42.0,0.0,35765,True,0.0
191,2016,Hyundai,Sonata Plug-in Hybrid,3.405014731,2.0,99.0,0.0,34.0,0.0,-1.0,99.0,34.0,0.0,0.0,4.0,10,0.0,Electricity,-1,97.0,0.0,34.0,0.0,36998,True,0.0
192,2017,Hyundai,Sonata Plug-in Hybrid,3.44568461,2.0,99.0,0.0,34.0,0.0,-1.0,98.0,34.0,0.0,0.0,4.0,10,0.0,Electricity,-1,97.0,0.0,34.0,0.0,38046,True,0.0
193,2017,BMW,330e,6.331330965,2.0,66.0,0.0,51.0,0.0,-1.0,70.0,47.0,0.0,0.0,4.0,9,0.0,Electricity,-1,77.0,0.0,43.0,0.0,38081,True,0.0
194,2017,Audi,A3 e-tron,5.305505545,2.0,80.0,0.0,42.0,0.0,-1.0,83.0,41.0,0.0,0.0,4.0,10,0.0,Electricity,-1,86.0,0.0,39.0,0.0,38228,True,0.0
195,2018,BMW,530e,6.397569699,2.0,69.0,0.0,47.0,0.0,-1.0,72.0,46.0,0.0,0.0,4.0,8,0.0,Electricity,-1,75.0,0.0,45.0,0.0,38754,True,0.0
196,2018,Volvo,S90 AWD PHEV,5.48840372,3.0,73.0,0.0,46.0,0.0,-1.0,74.0,45.0,0.0,0.0,4.0,9,0.0,Electricity,-1,75.0,0.0,43.0,0.0,39381,True,0.0
197,2018,Ford,Fusion Energi Plug-in Hybrid,3.736234165,2.0,102.0,0.0,33.0,0.0,-1.0,96.0,35.0,0.0,0.0,4.0,10,0.0,Electricity,-1,90.0,0.0,37.0,0.0,39408,True,0.0
198,2018,Audi,A3 e-tron,5.042632126,2.0,80.0,0.0,42.0,0.0,-1.0,83.0,41.0,0.0,0.0,4.0,10,0.0,Electricity,-1,86.0,0.0,39.0,0.0,39589,True,0.0
199,2019,Kia,Optima Plug-in Hybrid,3.224983201,2.0,102.0,0.0,33.0,0.0,-1.0,103.0,33.0,0.0,0.0,4.0,10,0.0,Electricity,-1,104.0,0.0,32.0,0.0,40811,True,0.0
200,2019,Honda,Clarity Plug-in Hybrid,1.971654758,2.0,117.0,0.0,29.0,0.0,-1.0,109.0,31.0,0.0,0.0,4.0,10,0.0,Electricity,-1,102.0,0.0,33.0,0.0,41183,True,0.0
201,2020,Toyota,Prius Prime,2.629784508,2.0,145.0,0.0,23.0,0.0,-1.0,133.0,25.0,0.0,0.0,4.0,10,0.0,Electricity,-1,121.0,0.0,28.0,0.0,41489,True,0.0
202,2020,Ford,Fusion Energi Plug-in Hybrid,3.334899543,2.0,108.0,0.0,31.0,0.0,-1.0,103.0,33.0,0.0,0.0,4.0,10,0.0,Electricity,-1,97.0,0.0,35.0,0.0,41899,True,0.0
203,2020,Volvo,V60 AWD PHEV,5.101057673,3.0,74.0,0.0,46.0,0.0,-1.0,73.0,47.0,0.0,0.0,4.0,9,0.0,Electricity,-1,71.0,0.0,48.0,0.0,41946,True,0.0
204,2020,Hyundai,Ioniq Plug-in Hybrid,2.466292773,2.0,123.0,0.0,27.0,0.0,-1.0,118.0,28.0,0.0,0.0,4.0,10,0.0,Electricity,-1,113.0,0.0,30.0,0.0,42290,True,0.0
205,2021,Volvo,V60 AWD PHEV,5.101057673,3.0,74.0,0.0,46.0,0.0,-1.0,73.0,47.0,0.0,0.0,4.0,8,0.0,Electricity,-1,71.0,0.0,48.0,0.0,42985,True,0.0
206,2021,Kia,Niro Plug-in Hybrid,3.016750266,2.0,109.0,0.0,30.0,0.0,-1.0,104.0,32.0,0.0,0.0,4.0,10,0.0,Electricity,-1,99.0,0.0,34.0,0.0,43686,True,0.0
207,2021,BMW,530e xDrive,6.855467968,3.0,58.0,0.0,56.0,0.0,-1.0,62.0,53.0,0.0,0.0,4.0,7,0.0,Electricity,-1,67.0,0.0,50.0,0.0,43739,True,0.0
208,2022,Toyota,Prius Prime,2.629784508,2.0,145.0,0.0,23.0,0.0,-1.0,133.0,25.0,0.0,0.0,4.0,10,0.0,Electricity,-1,121.0,0.0,28.0,0.0,44362,True,0.0
209,2022,Volvo,S60 T8 AWD Recharge ext. Range,3.105868678,5.0,77.0,0.0,44.0,0.0,-1.0,77.0,44.0,0.0,0.0,4.0,9,0.0,Electricity,-1,77.0,0.0,44.0,0.0,45197,True,0.0
210,2023,Bentley,Flying Spur Hybrid,8.391211325,3.0,43.0,0.0,79.0,0.0,-1.0,45.0,74.0,0.0,0.0,6.0,5,0.0,Electricity,-1,49.0,0.0,68.0,0.0,46245,True,0.0
211,2023,BMW,530e Sedan,6.076759944,3.0,58.0,0.0,50.0,0.0,-1.0,64.0,49.0,0.0,0.0,4.0,7,0.0,Electricity,-1,72.0,0.0,48.0,0.0,46246,True,0.0
212,2013,Toyota,Prius Plug-in Hybrid,4.25080842,1.0,90.0,0.0,26.0,0.0,-1.0,95.0,29.0,0.0,0.0,4.0,10,0.0,Electricity,-1,102.0,0.0,33.0,0.0,33335,True,0.0
213,2014,Honda,Accord Plug-in Hybrid,4.3288137,0.0,124.0,0.0,27.0,0.0,-1.0,114.0,29.0,0.0,0.0,4.0,10,0.0,Electricity,-1,105.0,0.0,32.0,0.0,33557,True,0.0
214,2015,Ford,Fusion Energi Plug-in Hybrid,4.352996461,2.0,94.0,0.0,34.0,0.0,-1.0,87.0,37.0,0.0,0.0,4.0,10,0.0,Electricity,-1,81.0,0.0,42.0,0.0,35277,True,0.0
215,2015,Toyota,Prius Plug-in Hybrid,4.25080842,1.0,90.0,0.0,26.0,0.0,-1.0,95.0,29.0,0.0,0.0,4.0,10,0.0,Electricity,-1,102.0,0.0,33.0,0.0,35598,True,0.0
216,2016,Chevrolet,Volt,1.739975182,4.0,113.0,0.0,29.0,0.0,-1.0,106.0,31.0,0.0,0.0,4.0,10,650.0,Electricity,-1,99.0,0.0,34.0,0.0,36863,False,0.0
217,2016,Audi,A3 e-tron ultra,4.56964808,2.0,86.0,0.0,39.0,0.0,-1.0,86.0,38.0,0.0,0.0,4.0,10,0.0,Electricity,-1,86.0,0.0,38.0,0.0,37130,True,0.0
218,2016,BMW,330e,5.212071216,2.0,66.0,0.0,50.0,0.0,-1.0,71.0,47.0,0.0,0.0,4.0,9,0.0,Electricity,-1,78.0,0.0,43.0,0.0,37289,True,0.0
219,2012,Chevrolet,Volt,2.977029546,4.0,94.0,0.0,36.0,0.0,-1.0,93.0,36.0,0.0,0.0,4.0,-1,750.0,Electricity,-1,92.0,0.0,37.0,0.0,31618,False,0.0
220,2016,Audi,A3 e-tron,5.244093852,2.0,80.0,0.0,42.0,0.0,-1.0,83.0,40.0,0.0,0.0,4.0,9,0.0,Electricity,-1,86.0,0.0,39.0,0.0,37129,True,0.0
221,2018,BMW,530e xDrive,6.55812473,2.0,66.0,0.0,48.0,0.0,-1.0,67.0,49.0,0.0,0.0,4.0,8,0.0,Electricity,-1,68.0,0.0,50.0,0.0,38755,True,0.0
222,2018,MINI,Cooper SE Countryman All4,7.364008866,2.0,63.0,0.0,51.0,0.0,-1.0,64.0,51.0,0.0,0.0,3.0,8,0.0,Electricity,-1,66.0,0.0,51.0,0.0,38863,True,0.0
223,2018,Hyundai,Ioniq Plug-in Hybrid,2.466292773,2.0,123.0,0.0,27.0,0.0,-1.0,118.0,28.0,0.0,0.0,4.0,10,0.0,Electricity,-1,113.0,0.0,30.0,0.0,39768,True,0.0
224,2019,BMW,530e xDrive,6.55812473,2.0,66.0,0.0,48.0,0.0,-1.0,67.0,49.0,0.0,0.0,4.0,8,0.0,Electricity,-1,68.0,0.0,50.0,0.0,40557,True,0.0
225,2019,Hyundai,Ioniq Plug-in Hybrid,2.466292773,2.0,123.0,0.0,27.0,0.0,-1.0,118.0,28.0,0.0,0.0,4.0,10,0.0,Electricity,-1,113.0,0.0,30.0,0.0,40810,True,0.0
226,2019,Volvo,S60 AWD PHEV,5.029991803,3.0,78.0,0.0,43.0,0.0,-1.0,78.0,43.0,0.0,0.0,4.0,9,0.0,Electricity,-1,77.0,0.0,44.0,0.0,41255,True,0.0
227,2020,Kia,Optima Plug-in Hybrid,3.172142476,2.0,103.0,0.0,33.0,0.0,-1.0,101.0,33.0,0.0,0.0,4.0,10,0.0,Electricity,-1,99.0,0.0,34.0,0.0,41529,True,0.0
228,2020,Ford,Fusion Special Service PHEV,3.343692156,2.0,106.0,0.0,31.0,0.0,-1.0,101.0,33.0,0.0,0.0,4.0,10,0.0,Electricity,-1,96.0,0.0,34.0,0.0,41900,True,0.0
229,2021,BMW,330e,5.373019947,3.0,71.0,0.0,47.0,0.0,-1.0,75.0,45.0,0.0,0.0,4.0,8,0.0,Electricity,-1,79.0,0.0,42.0,0.0,42569,True,0.0
230,2021,Audi,A7 quattro,4.63556988,2.0,64.0,0.0,49.0,0.0,-1.0,68.0,46.0,0.0,0.0,4.0,9,0.0,Electricity,-1,74.0,0.0,43.0,0.0,43213,True,0.0
231,2022,BMW,330e xDrive Sedan,6.50165907,3.0,64.0,0.0,54.0,0.0,-1.0,66.0,51.0,0.0,0.0,4.0,7,0.0,Electricity,-1,70.0,0.0,47.0,0.0,45146,True,0.0
232,2022,Volvo,S90 T8 AWD Recharge ext. Range,3.536738031,5.0,69.0,0.0,49.0,0.0,-1.0,69.0,48.0,0.0,0.0,4.0,9,0.0,Electricity,-1,70.0,0.0,48.0,0.0,45198,True,0.0
233,2017,Ford,Fusion Energi Plug-in Hybrid,3.726557984,2.0,103.0,0.0,33.0,0.0,-1.0,97.0,35.0,0.0,0.0,4.0,10,0.0,Electricity,-1,90.0,0.0,37.0,0.0,37470,True,0.0
234,2017,Toyota,Prius Prime,2.629784508,2.0,145.0,0.0,23.0,0.0,-1.0,133.0,25.0,0.0,0.0,4.0,10,0.0,Electricity,-1,121.0,0.0,28.0,0.0,38531,True,0.0
235,2017,Mercedes-Benz,C350e,7.066372859,1.0,45.0,0.0,57.0,0.0,-1.0,51.0,56.0,0.0,0.0,4.0,8,0.0,Electricity,-1,61.0,0.0,55.0,0.0,38969,True,0.0
236,2018,BMW,330e,6.331330965,2.0,66.0,0.0,51.0,0.0,-1.0,70.0,47.0,0.0,0.0,4.0,9,0.0,Electricity,-1,77.0,0.0,43.0,0.0,39407,True,0.0
237,2018,Cadillac,CT6 Plug-In,4.925934656,4.0,56.0,0.0,59.0,0.0,-1.0,61.0,54.0,0.0,0.0,4.0,9,0.0,Electricity,-1,70.0,0.0,48.0,0.0,39767,True,0.0
238,2018,Honda,Clarity Plug-in Hybrid,1.971654758,2.0,117.0,0.0,29.0,0.0,-1.0,109.0,31.0,0.0,0.0,4.0,10,0.0,Electricity,-1,102.0,0.0,33.0,0.0,39782,True,0.0
239,2018,Mercedes-Benz,C350e,7.066372859,1.0,45.0,0.0,57.0,0.0,-1.0,51.0,56.0,0.0,0.0,4.0,8,0.0,Electricity,-1,61.0,0.0,55.0,0.0,39853,True,0.0
240,2018,Hyundai,Sonata Plug-in Hybrid,3.367685583,2.0,98.0,0.0,34.0,0.0,-1.0,99.0,34.0,0.0,0.0,4.0,10,0.0,Electricity,-1,99.0,0.0,34.0,0.0,40066,True,0.0
241,2019,MINI,Cooper SE Countryman All4,7.364008866,3.0,63.0,0.0,51.0,0.0,-1.0,64.0,51.0,0.0,0.0,3.0,8,0.0,Electricity,-1,66.0,0.0,51.0,0.0,40157,True,0.0
242,2019,Ford,Fusion Special Service Vehicle PHEV,3.343692156,2.0,106.0,0.0,31.0,0.0,-1.0,101.0,33.0,0.0,0.0,4.0,10,0.0,Electricity,-1,96.0,0.0,34.0,0.0,41226,True,0.0
243,2020,BMW,530e,5.787240025,3.0,65.0,0.0,48.0,0.0,-1.0,69.0,47.0,0.0,0.0,4.0,8,0.0,Electricity,-1,74.0,0.0,45.0,0.0,42108,True,0.0
244,2020,BMW,530e xDrive,6.669878286,3.0,62.0,0.0,54.0,0.0,-1.0,64.0,52.0,0.0,0.0,4.0,8,0.0,Electricity,-1,68.0,0.0,49.0,0.0,42109,True,0.0
245,2022,MINI,Cooper SE Countryman All4,5.839945153,2.0,73.0,0.0,45.0,0.0,-1.0,72.0,46.0,0.0,0.0,3.0,8,0.0,Electricity,-1,71.0,0.0,47.0,0.0,43965,True,0.0
246,2022,Hyundai,Ioniq Plug-in Hybrid,2.494817319,2.0,123.0,0.0,28.0,0.0,-1.0,119.0,28.0,0.0,0.0,4.0,10,0.0,Electricity,-1,115.0,0.0,28.0,0.0,44160,True,0.0
247,2022,Kia,Niro Plug-in Hybrid,3.016750266,2.0,109.0,0.0,30.0,0.0,-1.0,104.0,32.0,0.0,0.0,4.0,10,0.0,Electricity,-1,99.0,0.0,34.0,0.0,44211,True,0.0
248,2022,Volvo,S90 T8 AWD Recharge,5.407587439,3.0,65.0,0.0,53.0,0.0,-1.0,66.0,51.0,0.0,0.0,4.0,8,0.0,Electricity,-1,67.0,0.0,50.0,0.0,44267,True,0.0
249,2023,Volvo,S90 T8 AWD Recharge ext. Range,3.448531987,5.0,69.0,0.0,49.0,0.0,-1.0,69.0,48.0,0.0,0.0,4.0,8,0.0,Electricity,-1,70.0,0.0,48.0,0.0,46261,True,0.0
250,2023,Volvo,V60 T8 AWD Recharge ext. Range,3.105868678,5.0,77.0,0.0,44.0,0.0,-1.0,77.0,44.0,0.0,0.0,4.0,9,0.0,Electricity,-1,77.0,0.0,44.0,0.0,46262,True,0.0
251,2012,Toyota,Prius Plug-in Hybrid,4.257634189,1.0,90.0,0.0,26.0,0.0,-1.0,95.0,29.0,0.0,0.0,4.0,-1,0.0,Electricity,-1,102.0,0.0,33.0,0.0,32484,True,0.0
252,2013,Ford,C-MAX Energi Plug-in Hybrid,4.352996461,2.0,94.0,0.0,34.0,0.0,-1.0,87.0,37.0,0.0,0.0,4.0,10,0.0,Electricity,-1,81.0,0.0,42.0,0.0,33336,True,0.0
253,2013,Ford,Fusion Energi Plug-in Hybrid,4.352996461,2.0,94.0,0.0,34.0,0.0,-1.0,87.0,37.0,0.0,0.0,4.0,10,0.0,Electricity,-1,81.0,0.0,42.0,0.0,33398,True,0.0
254,2014,Chevrolet,Volt,2.722388711,4.0,101.0,0.0,33.0,0.0,-1.0,97.0,35.0,0.0,0.0,4.0,10,750.0,Electricity,-1,93.0,0.0,36.0,0.0,33900,False,0.0
255,2014,Ford,C-MAX Energi Plug-in Hybrid,4.352996461,2.0,94.0,0.0,34.0,0.0,-1.0,87.0,37.0,0.0,0.0,4.0,10,0.0,Electricity,-1,81.0,0.0,42.0,0.0,34662,True,0.0
256,2016,Ford,Fusion Energi Plug-in Hybrid,4.352548909,2.0,94.0,0.0,34.0,0.0,-1.0,87.0,37.0,0.0,0.0,4.0,10,0.0,Electricity,-1,81.0,0.0,41.0,0.0,36248,True,0.0
257,2016,Ford,C-MAX Energi Plug-in Hybrid,4.352996461,2.0,94.0,0.0,34.0,0.0,-1.0,87.0,37.0,0.0,0.0,4.0,10,0.0,Electricity,-1,81.0,0.0,42.0,0.0,36932,True,0.0
258,2016,Mercedes-Benz,C350e,7.066372859,1.0,45.0,0.0,57.0,0.0,-1.0,51.0,56.0,0.0,0.0,4.0,8,0.0,Electricity,-1,61.0,0.0,55.0,0.0,38499,True,0.0
259,2018,Kia,Optima Plug-in Hybrid,3.224983201,2.0,102.0,0.0,33.0,0.0,-1.0,103.0,33.0,0.0,0.0,4.0,10,0.0,Electricity,-1,104.0,0.0,32.0,0.0,39783,True,0.0
260,2019,Volvo,S90 AWD PHEV,5.48840372,3.0,73.0,0.0,46.0,0.0,-1.0,74.0,45.0,0.0,0.0,4.0,9,0.0,Electricity,-1,75.0,0.0,43.0,0.0,40405,True,0.0
261,2019,Hyundai,Sonata Plug-in Hybrid,3.367685583,2.0,98.0,0.0,34.0,0.0,-1.0,99.0,34.0,0.0,0.0,4.0,10,0.0,Electricity,-1,99.0,0.0,34.0,0.0,41144,True,0.0
262,2020,Volvo,S60 AWD PHEV,5.101057673,3.0,74.0,0.0,46.0,0.0,-1.0,73.0,47.0,0.0,0.0,4.0,9,0.0,Electricity,-1,71.0,0.0,48.0,0.0,41944,True,0.0
263,2020,Volvo,S90 AWD PHEV,5.361377095,3.0,60.0,0.0,51.0,0.0,-1.0,63.0,50.0,0.0,0.0,4.0,9,0.0,Electricity,-1,67.0,0.0,50.0,0.0,41945,True,0.0
264,2021,Volvo,S90 AWD PHEV,5.361377095,3.0,60.0,0.0,51.0,0.0,-1.0,63.0,50.0,0.0,0.0,4.0,8,0.0,Electricity,-1,67.0,0.0,50.0,0.0,42984,True,0.0
265,2021,MINI,Cooper SE Countryman All4,5.839945153,2.0,73.0,0.0,45.0,0.0,-1.0,72.0,46.0,0.0,0.0,3.0,8,0.0,Electricity,-1,71.0,0.0,47.0,0.0,43143,True,0.0
266,2021,Volvo,S60 AWD PHEV,5.101057673,3.0,74.0,0.0,46.0,0.0,-1.0,73.0,47.0,0.0,0.0,4.0,8,0.0,Electricity,-1,71.0,0.0,48.0,0.0,43408,True,0.0
267,2022,Volvo,V60 T8 AWD Recharge,5.101057673,3.0,74.0,0.0,46.0,0.0,-1.0,73.0,47.0,0.0,0.0,4.0,8,0.0,Electricity,-1,71.0,0.0,48.0,0.0,44363,True,0.0
268,2022,BMW,530e Sedan,6.076759944,3.0,58.0,0.0,50.0,0.0,-1.0,64.0,49.0,0.0,0.0,4.0,8,0.0,Electricity,-1,72.0,0.0,48.0,0.0,45117,True,0.0
269,2022,Volvo,V60 T8 AWD Recharge ext. Range,3.105868678,5.0,77.0,0.0,44.0,0.0,-1.0,77.0,44.0,0.0,0.0,4.0,9,0.0,Electricity,-1,77.0,0.0,44.0,0.0,45199,True,0.0
270,2022,Bentley,Flying Spur Hybrid,8.391211325,3.0,43.0,0.0,79.0,0.0,-1.0,45.0,74.0,0.0,0.0,6.0,5,0.0,Electricity,-1,49.0,0.0,68.0,0.0,45287,True,0.0
271,2023,MINI,Cooper SE Countryman All4,5.839945153,2.0,73.0,0.0,45.0,0.0,-1.0,72.0,46.0,0.0,0.0,3.0,7,0.0,Electricity,-1,71.0,0.0,47.0,0.0,45331,True,0.0
272,2011,Chevrolet,Volt,2.977029546,4.0,0.0,0.0,36.0,0.0,-1.0,0.0,36.0,0.0,0.0,4.0,-1,750.0,Electricity,-1,0.0,0.0,37.0,0.0,30980,False,0.0
273,2013,Chevrolet,Volt,2.722388711,4.0,101.0,0.0,33.0,0.0,-1.0,97.0,35.0,0.0,0.0,4.0,10,750.0,Electricity,-1,93.0,0.0,36.0,0.0,32655,False,0.0
274,2015,Chevrolet,Volt,2.722388711,4.0,101.0,0.0,33.0,0.0,-1.0,97.0,35.0,0.0,0.0,4.0,10,750.0,Electricity,-1,93.0,0.0,36.0,0.0,35246,False,0.0
275,2017,Chevrolet,Volt,1.739975182,4.0,113.0,0.0,29.0,0.0,-1.0,106.0,31.0,0.0,0.0,4.0,10,650.0,Electricity,-1,99.0,0.0,34.0,0.0,37309,False,0.0
