Name,Measure,Measure Info,Geo Type Name,id_Geo,Data Value,Stations,Year
"Air Toxics Concentrations- Average Benzene Concentrations","Annual Average Concentration","µg/m3","Borough",2,1.600000000,"Annual",2011
"Air Toxics Concentrations- Average Benzene Concentrations","Annual Average Concentration","µg/m3","Borough",3,2.800000000,"Annual",2005
"Air Toxics Concentrations- Average Benzene Concentrations","Annual Average Concentration","µg/m3","Borough",6,2.800000000,"Annual",2005
"Air Toxics Concentrations- Average Benzene Concentrations","Annual Average Concentration","µg/m3","Borough",4,4.700000000,"Annual",2005
"Air Toxics Concentrations- Average Benzene Concentrations","Annual Average Concentration","µg/m3","Borough",2,1.900000000,"Annual",2005
"Air Toxics Concentrations- Average Benzene Concentrations","Annual Average Concentration","µg/m3","Borough",5,1.600000000,"Annual",2005
"Air Toxics Concentrations- Average Benzene Concentrations","Annual Average Concentration","µg/m3","Borough",3,1.100000000,"Annual",2011
"Air Toxics Concentrations- Average Benzene Concentrations","Annual Average Concentration","µg/m3","Borough",6,1.700000000,"Annual",2011
"Air Toxics Concentrations- Average Benzene Concentrations","Annual Average Concentration","µg/m3","Citywide",8,1.600000000,"Annual",2011
"Air Toxics Concentrations- Average Benzene Concentrations","Annual Average Concentration","µg/m3","Borough",5,1.200000000,"Annual",2011
"Air Toxics Concentrations- Average Benzene Concentrations","Annual Average Concentration","µg/m3","Citywide",8,2.900000000,"Annual",2005
"Air Toxics Concentrations- Average Benzene Concentrations","Annual Average Concentration","µg/m3","Borough",4,2.100000000,"Annual",2011
"Air Toxics Concentrations- Average Formaldehyde Concentrations","Annual Average Concentration","µg/m3","Borough",4,2.400000000,"Annual",2011
"Air Toxics Concentrations- Average Formaldehyde Concentrations","Annual Average Concentration","µg/m3","Citywide",8,3.200000000,"Annual",2005
"Air Toxics Concentrations- Average Formaldehyde Concentrations","Annual Average Concentration","µg/m3","Borough",6,2.200000000,"Annual",2011
"Air Toxics Concentrations- Average Formaldehyde Concentrations","Annual Average Concentration","µg/m3","Citywide",8,2.100000000,"Annual",2011
"Air Toxics Concentrations- Average Formaldehyde Concentrations","Annual Average Concentration","µg/m3","Borough",5,1.800000000,"Annual",2011
"Air Toxics Concentrations- Average Formaldehyde Concentrations","Annual Average Concentration","µg/m3","Borough",2,2.100000000,"Annual",2011
"Air Toxics Concentrations- Average Formaldehyde Concentrations","Annual Average Concentration","µg/m3","Borough",3,3.300000000,"Annual",2005
"Air Toxics Concentrations- Average Formaldehyde Concentrations","Annual Average Concentration","µg/m3","Borough",6,3.000000000,"Annual",2005
"Air Toxics Concentrations- Average Formaldehyde Concentrations","Annual Average Concentration","µg/m3","Borough",4,4.300000000,"Annual",2005
"Air Toxics Concentrations- Average Formaldehyde Concentrations","Annual Average Concentration","µg/m3","Borough",2,2.700000000,"Annual",2005
"Air Toxics Concentrations- Average Formaldehyde Concentrations","Annual Average Concentration","µg/m3","Borough",5,2.300000000,"Annual",2005
"Air Toxics Concentrations- Average Formaldehyde Concentrations","Annual Average Concentration","µg/m3","Borough",3,2.000000000,"Annual",2011
"Boiler Emissions- Total NOx Emissions","Number per km2","number","Borough",5,2.700000000,"Annual",2013
"Boiler Emissions- Total NOx Emissions","Number per km2","number","Citywide",8,29.400000000,"Annual",2013
"Boiler Emissions- Total NOx Emissions","Number per km2","number","Borough",4,161.100000000,"Annual",2013
"Boiler Emissions- Total NOx Emissions","Number per km2","number","Borough",6,22.800000000,"Annual",2013
"Boiler Emissions- Total NOx Emissions","Number per km2","number","Borough",3,42.700000000,"Annual",2013
"Boiler Emissions- Total NOx Emissions","Number per km2","number","Citywide",8,27.400000000,"Annual",2015
"Boiler Emissions- Total NOx Emissions","Number per km2","number","Borough",5,2.700000000,"Annual",2015
"Boiler Emissions- Total NOx Emissions","Number per km2","number","Borough",2,15.600000000,"Annual",2015
"Boiler Emissions- Total NOx Emissions","Number per km2","number","Borough",3,39.500000000,"Annual",2015
"Boiler Emissions- Total NOx Emissions","Number per km2","number","Borough",6,22.800000000,"Annual",2015
"Boiler Emissions- Total NOx Emissions","Number per km2","number","Borough",4,142.800000000,"Annual",2015
"Boiler Emissions- Total NOx Emissions","Number per km2","number","Borough",2,16.100000000,"Annual",2013
"Boiler Emissions- Total PM2.5 Emissions","Number per km2","number","Borough",3,0.900000000,"Annual",2015
"Boiler Emissions- Total PM2.5 Emissions","Number per km2","number","Borough",2,0.200000000,"Annual",2015
"Boiler Emissions- Total PM2.5 Emissions","Number per km2","number","Borough",5,0.000000000,"Annual",2015
"Boiler Emissions- Total PM2.5 Emissions","Number per km2","number","Borough",6,0.100000000,"Annual",2015
"Boiler Emissions- Total PM2.5 Emissions","Number per km2","number","Citywide",8,0.500000000,"Annual",2015
"Boiler Emissions- Total PM2.5 Emissions","Number per km2","number","Borough",4,3.700000000,"Annual",2015
"Boiler Emissions- Total PM2.5 Emissions","Number per km2","number","Borough",6,0.100000000,"Annual",2013
"Boiler Emissions- Total PM2.5 Emissions","Number per km2","number","Borough",5,0.000000000,"Annual",2013
"Boiler Emissions- Total PM2.5 Emissions","Number per km2","number","Borough",2,0.300000000,"Annual",2013
"Boiler Emissions- Total PM2.5 Emissions","Number per km2","number","Borough",4,5.900000000,"Annual",2013
"Boiler Emissions- Total PM2.5 Emissions","Number per km2","number","Borough",3,1.200000000,"Annual",2013
"Boiler Emissions- Total PM2.5 Emissions","Number per km2","number","Citywide",8,0.700000000,"Annual",2013
"Boiler Emissions- Total SO2 Emissions","Number per km2","number","Borough",2,1.400000000,"Annual",2015
"Boiler Emissions- Total SO2 Emissions","Number per km2","number","Borough",5,0.100000000,"Annual",2015
"Boiler Emissions- Total SO2 Emissions","Number per km2","number","Borough",5,0.100000000,"Annual",2013
"Boiler Emissions- Total SO2 Emissions","Number per km2","number","Borough",4,50.600000000,"Annual",2013
"Boiler Emissions- Total SO2 Emissions","Number per km2","number","Borough",2,2.200000000,"Annual",2013
"Boiler Emissions- Total SO2 Emissions","Number per km2","number","Borough",3,10.300000000,"Annual",2013
"Boiler Emissions- Total SO2 Emissions","Number per km2","number","Citywide",8,6.100000000,"Annual",2013
"Boiler Emissions- Total SO2 Emissions","Number per km2","number","Borough",4,26.800000000,"Annual",2015
"Boiler Emissions- Total SO2 Emissions","Number per km2","number","Citywide",8,3.500000000,"Annual",2015
"Boiler Emissions- Total SO2 Emissions","Number per km2","number","Borough",6,0.700000000,"Annual",2015
"Boiler Emissions- Total SO2 Emissions","Number per km2","number","Borough",3,6.300000000,"Annual",2015
"Boiler Emissions- Total SO2 Emissions","Number per km2","number","Borough",6,0.800000000,"Annual",2013
"Fine Particulate Matter (PM2.5)","Mean","mcg per cubic meter","Borough",6,10.500000000,"Annual",2009
"Fine Particulate Matter (PM2.5)","Mean","mcg per cubic meter","Borough",6,10.270000000,"Summer",2013
"Fine Particulate Matter (PM2.5)","Mean","mcg per cubic meter","Borough",4,11.810000000,"Summer",2013
"Fine Particulate Matter (PM2.5)","Mean","mcg per cubic meter","Borough",2,10.090000000,"Summer",2013
"Fine Particulate Matter (PM2.5)","Mean","mcg per cubic meter","Borough",5,9.320000000,"Summer",2013
"Fine Particulate Matter (PM2.5)","Mean","mcg per cubic meter","Borough",3,11.050000000,"Annual",2009
"Fine Particulate Matter (PM2.5)","Mean","mcg per cubic meter","Borough",4,12.630000000,"Annual",2009
"Fine Particulate Matter (PM2.5)","Mean","mcg per cubic meter","Borough",6,9.690000000,"Annual",2010
"Fine Particulate Matter (PM2.5)","Mean","mcg per cubic meter","Borough",5,9.810000000,"Annual",2009
"Fine Particulate Matter (PM2.5)","Mean","mcg per cubic meter","Borough",4,10.730000000,"Annual",2013
"Fine Particulate Matter (PM2.5)","Mean","mcg per cubic meter","Borough",6,8.700000000,"Annual",2013
"Fine Particulate Matter (PM2.5)","Mean","mcg per cubic meter","Borough",3,9.100000000,"Annual",2013
"Fine Particulate Matter (PM2.5)","Mean","mcg per cubic meter","Borough",5,8.350000000,"Annual",2012
"Fine Particulate Matter (PM2.5)","Mean","mcg per cubic meter","Borough",2,8.630000000,"Annual",2012
"Fine Particulate Matter (PM2.5)","Mean","mcg per cubic meter","Borough",4,10.920000000,"Annual",2012
"Fine Particulate Matter (PM2.5)","Mean","mcg per cubic meter","Borough",6,9.020000000,"Annual",2012
"Fine Particulate Matter (PM2.5)","Mean","mcg per cubic meter","Borough",3,9.540000000,"Annual",2012
"Fine Particulate Matter (PM2.5)","Mean","mcg per cubic meter","Borough",5,9.440000000,"Annual",2011
"Fine Particulate Matter (PM2.5)","Mean","mcg per cubic meter","Borough",2,9.750000000,"Annual",2011
"Fine Particulate Matter (PM2.5)","Mean","mcg per cubic meter","Borough",4,11.940000000,"Annual",2011
"Fine Particulate Matter (PM2.5)","Mean","mcg per cubic meter","Borough",6,10.200000000,"Annual",2011
"Fine Particulate Matter (PM2.5)","Mean","mcg per cubic meter","Borough",3,10.820000000,"Annual",2011
"Fine Particulate Matter (PM2.5)","Mean","mcg per cubic meter","Borough",5,8.800000000,"Annual",2010
"Fine Particulate Matter (PM2.5)","Mean","mcg per cubic meter","Borough",2,9.200000000,"Annual",2010
"Fine Particulate Matter (PM2.5)","Mean","mcg per cubic meter","Borough",4,11.610000000,"Annual",2010
"Fine Particulate Matter (PM2.5)","Mean","mcg per cubic meter","Borough",3,10.140000000,"Annual",2010
"Fine Particulate Matter (PM2.5)","Mean","mcg per cubic meter","Borough",2,10.050000000,"Annual",2009
"Fine Particulate Matter (PM2.5)","Mean","mcg per cubic meter","Borough",4,14.130000000,"Winter",2014
"Fine Particulate Matter (PM2.5)","Mean","mcg per cubic meter","Borough",2,11.530000000,"Summer",2010
"Fine Particulate Matter (PM2.5)","Mean","mcg per cubic meter","Borough",5,9.900000000,"Summer",2012
"Fine Particulate Matter (PM2.5)","Mean","mcg per cubic meter","Borough",3,9.930000000,"Winter",2012
"Fine Particulate Matter (PM2.5)","Mean","mcg per cubic meter","Borough",5,11.680000000,"Winter",2011
"Fine Particulate Matter (PM2.5)","Mean","mcg per cubic meter","Borough",2,12.100000000,"Winter",2011
"Fine Particulate Matter (PM2.5)","Mean","mcg per cubic meter","Borough",4,14.760000000,"Winter",2011
"Fine Particulate Matter (PM2.5)","Mean","mcg per cubic meter","Borough",6,12.620000000,"Winter",2011
"Fine Particulate Matter (PM2.5)","Mean","mcg per cubic meter","Borough",3,13.850000000,"Winter",2011
"Fine Particulate Matter (PM2.5)","Mean","mcg per cubic meter","Borough",5,9.070000000,"Winter",2010
"Fine Particulate Matter (PM2.5)","Mean","mcg per cubic meter","Borough",2,9.380000000,"Winter",2010
"Fine Particulate Matter (PM2.5)","Mean","mcg per cubic meter","Borough",4,11.980000000,"Winter",2010
"Fine Particulate Matter (PM2.5)","Mean","mcg per cubic meter","Borough",6,9.970000000,"Winter",2010
"Fine Particulate Matter (PM2.5)","Mean","mcg per cubic meter","Borough",6,9.170000000,"Winter",2012
"Fine Particulate Matter (PM2.5)","Mean","mcg per cubic meter","Borough",3,10.950000000,"Winter",2010
"Fine Particulate Matter (PM2.5)","Mean","mcg per cubic meter","Borough",2,12.560000000,"Winter",2009
"Fine Particulate Matter (PM2.5)","Mean","mcg per cubic meter","Borough",4,15.340000000,"Winter",2009
"Fine Particulate Matter (PM2.5)","Mean","mcg per cubic meter","Borough",6,12.880000000,"Winter",2009
"Fine Particulate Matter (PM2.5)","Mean","mcg per cubic meter","Borough",3,7.720000000,"Annual",2017
"Fine Particulate Matter (PM2.5)","Mean","mcg per cubic meter","Borough",2,8.300000000,"Summer",2018
"Fine Particulate Matter (PM2.5)","Mean","mcg per cubic meter","Borough",2,7.880000000,"Winter",2018
"Fine Particulate Matter (PM2.5)","Mean","mcg per cubic meter","Borough",5,6.400000000,"Annual",2018
"Fine Particulate Matter (PM2.5)","Mean","mcg per cubic meter","Borough",5,7.530000000,"Summer",2018
"Fine Particulate Matter (PM2.5)","Mean","mcg per cubic meter","Borough",5,7.790000000,"Winter",2018
"Fine Particulate Matter (PM2.5)","Mean","mcg per cubic meter","Citywide",8,7.000000000,"Annual",2018
"Fine Particulate Matter (PM2.5)","Mean","mcg per cubic meter","Borough",5,11.820000000,"Winter",2009
"Fine Particulate Matter (PM2.5)","Mean","mcg per cubic meter","Borough",4,11.320000000,"Winter",2012
"Fine Particulate Matter (PM2.5)","Mean","mcg per cubic meter","Borough",2,8.800000000,"Winter",2012
"Fine Particulate Matter (PM2.5)","Mean","mcg per cubic meter","Borough",5,8.420000000,"Winter",2012
"Fine Particulate Matter (PM2.5)","Mean","mcg per cubic meter","Borough",2,10.060000000,"Summer",2012
"Fine Particulate Matter (PM2.5)","Mean","mcg per cubic meter","Borough",4,11.850000000,"Summer",2012
"Fine Particulate Matter (PM2.5)","Mean","mcg per cubic meter","Borough",6,10.420000000,"Summer",2012
"Fine Particulate Matter (PM2.5)","Mean","mcg per cubic meter","Borough",3,10.510000000,"Summer",2012
"Fine Particulate Matter (PM2.5)","Mean","mcg per cubic meter","Borough",5,11.090000000,"Summer",2011
"Fine Particulate Matter (PM2.5)","Mean","mcg per cubic meter","Borough",2,11.230000000,"Summer",2011
"Fine Particulate Matter (PM2.5)","Mean","mcg per cubic meter","Borough",4,12.860000000,"Summer",2011
"Fine Particulate Matter (PM2.5)","Mean","mcg per cubic meter","Borough",6,11.570000000,"Summer",2011
"Fine Particulate Matter (PM2.5)","Mean","mcg per cubic meter","Borough",3,11.660000000,"Summer",2011
"Fine Particulate Matter (PM2.5)","Mean","mcg per cubic meter","Borough",5,11.430000000,"Summer",2010
"Fine Particulate Matter (PM2.5)","Mean","mcg per cubic meter","Borough",4,13.410000000,"Summer",2010
"Fine Particulate Matter (PM2.5)","Mean","mcg per cubic meter","Borough",6,11.960000000,"Summer",2010
"Fine Particulate Matter (PM2.5)","Mean","mcg per cubic meter","Borough",3,12.120000000,"Summer",2010
"Fine Particulate Matter (PM2.5)","Mean","mcg per cubic meter","Borough",5,10.500000000,"Summer",2009
"Fine Particulate Matter (PM2.5)","Mean","mcg per cubic meter","Borough",2,10.270000000,"Summer",2009
"Fine Particulate Matter (PM2.5)","Mean","mcg per cubic meter","Borough",4,12.550000000,"Summer",2009
"Fine Particulate Matter (PM2.5)","Mean","mcg per cubic meter","Borough",6,10.920000000,"Summer",2009
"Fine Particulate Matter (PM2.5)","Mean","mcg per cubic meter","Borough",3,10.730000000,"Summer",2009
"Fine Particulate Matter (PM2.5)","Mean","mcg per cubic meter","Borough",5,9.720000000,"Winter",2013
"Fine Particulate Matter (PM2.5)","Mean","mcg per cubic meter","Borough",2,9.900000000,"Winter",2013
"Fine Particulate Matter (PM2.5)","Mean","mcg per cubic meter","Borough",4,12.830000000,"Winter",2013
"Fine Particulate Matter (PM2.5)","Mean","mcg per cubic meter","Borough",6,10.330000000,"Winter",2013
"Fine Particulate Matter (PM2.5)","Mean","mcg per cubic meter","Borough",3,11.160000000,"Winter",2013
"Fine Particulate Matter (PM2.5)","Mean","mcg per cubic meter","Borough",3,10.440000000,"Summer",2013
"Fine Particulate Matter (PM2.5)","Mean","mcg per cubic meter","Borough",2,8.360000000,"Annual",2013
"Fine Particulate Matter (PM2.5)","Mean","mcg per cubic meter","Borough",6,11.860000000,"Winter",2014
"Fine Particulate Matter (PM2.5)","Mean","mcg per cubic meter","Borough",2,6.820000000,"Annual",2018
"Fine Particulate Matter (PM2.5)","Mean","mcg per cubic meter","Borough",5,7.460000000,"Winter",2016
"Fine Particulate Matter (PM2.5)","Mean","mcg per cubic meter","Borough",2,7.170000000,"Annual",2016
"Fine Particulate Matter (PM2.5)","Mean","mcg per cubic meter","Borough",2,7.750000000,"Summer",2016
"Fine Particulate Matter (PM2.5)","Mean","mcg per cubic meter","Borough",2,7.590000000,"Winter",2016
"Fine Particulate Matter (PM2.5)","Mean","mcg per cubic meter","Borough",4,8.970000000,"Annual",2016
"Fine Particulate Matter (PM2.5)","Mean","mcg per cubic meter","Borough",4,9.490000000,"Summer",2016
"Fine Particulate Matter (PM2.5)","Mean","mcg per cubic meter","Borough",4,9.450000000,"Winter",2016
"Fine Particulate Matter (PM2.5)","Mean","mcg per cubic meter","Borough",5,7.800000000,"Summer",2016
"Fine Particulate Matter (PM2.5)","Mean","mcg per cubic meter","Borough",6,7.760000000,"Annual",2016
"Fine Particulate Matter (PM2.5)","Mean","mcg per cubic meter","Borough",6,8.420000000,"Winter",2016
"Fine Particulate Matter (PM2.5)","Mean","mcg per cubic meter","Borough",3,7.750000000,"Annual",2016
"Fine Particulate Matter (PM2.5)","Mean","mcg per cubic meter","Borough",3,8.290000000,"Summer",2016
"Fine Particulate Matter (PM2.5)","Mean","mcg per cubic meter","Borough",3,8.400000000,"Winter",2016
"Fine Particulate Matter (PM2.5)","Mean","mcg per cubic meter","Citywide",8,9.144600000,"Winter",2015
"Fine Particulate Matter (PM2.5)","Mean","mcg per cubic meter","Citywide",8,9.368800000,"Summer",2015
"Fine Particulate Matter (PM2.5)","Mean","mcg per cubic meter","Citywide",8,8.560400000,"Annual",2015
"Fine Particulate Matter (PM2.5)","Mean","mcg per cubic meter","Borough",6,8.320000000,"Summer",2016
"Fine Particulate Matter (PM2.5)","Mean","mcg per cubic meter","Borough",5,6.840000000,"Annual",2016
"Fine Particulate Matter (PM2.5)","Mean","mcg per cubic meter","Citywide",8,8.010000000,"Winter",2016
"Fine Particulate Matter (PM2.5)","Mean","mcg per cubic meter","Citywide",8,8.100000000,"Summer",2016
"Fine Particulate Matter (PM2.5)","Mean","mcg per cubic meter","Borough",3,8.300000000,"Winter",2017
"Fine Particulate Matter (PM2.5)","Mean","mcg per cubic meter","Borough",6,9.090000000,"Summer",2017
"Fine Particulate Matter (PM2.5)","Mean","mcg per cubic meter","Borough",6,7.520000000,"Annual",2017
"Fine Particulate Matter (PM2.5)","Mean","mcg per cubic meter","Borough",6,7.940000000,"Winter",2017
"Fine Particulate Matter (PM2.5)","Mean","mcg per cubic meter","Borough",4,10.430000000,"Summer",2017
"Fine Particulate Matter (PM2.5)","Mean","mcg per cubic meter","Borough",4,8.720000000,"Annual",2017
"Fine Particulate Matter (PM2.5)","Mean","mcg per cubic meter","Borough",4,8.960000000,"Winter",2017
"Fine Particulate Matter (PM2.5)","Mean","mcg per cubic meter","Borough",2,8.780000000,"Summer",2017
"Fine Particulate Matter (PM2.5)","Mean","mcg per cubic meter","Borough",2,7.190000000,"Annual",2017
"Fine Particulate Matter (PM2.5)","Mean","mcg per cubic meter","Borough",2,7.950000000,"Winter",2017
"Fine Particulate Matter (PM2.5)","Mean","mcg per cubic meter","Borough",5,8.130000000,"Summer",2017
"Fine Particulate Matter (PM2.5)","Mean","mcg per cubic meter","Borough",5,6.810000000,"Annual",2017
"Fine Particulate Matter (PM2.5)","Mean","mcg per cubic meter","Borough",5,7.070000000,"Winter",2017
"Fine Particulate Matter (PM2.5)","Mean","mcg per cubic meter","Citywide",8,8.950000000,"Summer",2017
"Fine Particulate Matter (PM2.5)","Mean","mcg per cubic meter","Citywide",8,7.380000000,"Annual",2017
"Fine Particulate Matter (PM2.5)","Mean","mcg per cubic meter","Citywide",8,7.890000000,"Winter",2017
"Fine Particulate Matter (PM2.5)","Mean","mcg per cubic meter","Citywide",8,7.450000000,"Annual",2016
"Fine Particulate Matter (PM2.5)","Mean","mcg per cubic meter","Borough",5,8.390000000,"Winter",2015
"Fine Particulate Matter (PM2.5)","Mean","mcg per cubic meter","Borough",5,7.980000000,"Annual",2013
"Fine Particulate Matter (PM2.5)","Mean","mcg per cubic meter","Borough",5,8.680000000,"Summer",2015
"Fine Particulate Matter (PM2.5)","Mean","mcg per cubic meter","Borough",2,8.890000000,"Winter",2015
"Fine Particulate Matter (PM2.5)","Mean","mcg per cubic meter","Borough",4,10.270000000,"Summer",2014
"Fine Particulate Matter (PM2.5)","Mean","mcg per cubic meter","Borough",6,8.840000000,"Summer",2014
"Fine Particulate Matter (PM2.5)","Mean","mcg per cubic meter","Borough",3,8.850000000,"Summer",2014
"Fine Particulate Matter (PM2.5)","Mean","mcg per cubic meter","Borough",5,11.780000000,"Winter",2014
"Fine Particulate Matter (PM2.5)","Mean","mcg per cubic meter","Borough",2,11.230000000,"Winter",2014
"Fine Particulate Matter (PM2.5)","Mean","mcg per cubic meter","Borough",6,7.190000000,"Annual",2018
"Fine Particulate Matter (PM2.5)","Mean","mcg per cubic meter","Citywide",8,8.320000000,"Summer",2018
"Fine Particulate Matter (PM2.5)","Mean","mcg per cubic meter","Borough",2,8.230000000,"Summer",2014
"Fine Particulate Matter (PM2.5)","Mean","mcg per cubic meter","Borough",3,12.500000000,"Winter",2014
"Fine Particulate Matter (PM2.5)","Mean","mcg per cubic meter","Borough",6,8.530000000,"Winter",2018
"Fine Particulate Matter (PM2.5)","Mean","mcg per cubic meter","Borough",4,8.460000000,"Annual",2018
"Fine Particulate Matter (PM2.5)","Mean","mcg per cubic meter","Borough",4,9.740000000,"Summer",2018
"Fine Particulate Matter (PM2.5)","Mean","mcg per cubic meter","Borough",4,9.600000000,"Winter",2018
"Fine Particulate Matter (PM2.5)","Mean","mcg per cubic meter","Citywide",8,8.930000000,"Annual",2014
"Fine Particulate Matter (PM2.5)","Mean","mcg per cubic meter","Citywide",8,8.530000000,"Summer",2014
"Fine Particulate Matter (PM2.5)","Mean","mcg per cubic meter","Citywide",8,11.880000000,"Winter",2014
"Fine Particulate Matter (PM2.5)","Mean","mcg per cubic meter","Borough",6,8.410000000,"Summer",2018
"Fine Particulate Matter (PM2.5)","Mean","mcg per cubic meter","Borough",5,7.850000000,"Summer",2014
"Fine Particulate Matter (PM2.5)","Mean","mcg per cubic meter","Borough",3,9.270000000,"Annual",2014
"Fine Particulate Matter (PM2.5)","Mean","mcg per cubic meter","Borough",6,9.090000000,"Annual",2014
"Fine Particulate Matter (PM2.5)","Mean","mcg per cubic meter","Borough",2,9.210000000,"Summer",2015
"Fine Particulate Matter (PM2.5)","Mean","mcg per cubic meter","Borough",2,8.350000000,"Annual",2015
"Fine Particulate Matter (PM2.5)","Mean","mcg per cubic meter","Borough",4,10.930000000,"Winter",2015
"Fine Particulate Matter (PM2.5)","Mean","mcg per cubic meter","Borough",4,10.790000000,"Summer",2015
"Fine Particulate Matter (PM2.5)","Mean","mcg per cubic meter","Borough",4,10.190000000,"Annual",2015
"Fine Particulate Matter (PM2.5)","Mean","mcg per cubic meter","Borough",6,9.030000000,"Winter",2015
"Fine Particulate Matter (PM2.5)","Mean","mcg per cubic meter","Borough",6,9.460000000,"Summer",2015
"Fine Particulate Matter (PM2.5)","Mean","mcg per cubic meter","Borough",6,8.740000000,"Annual",2015
"Fine Particulate Matter (PM2.5)","Mean","mcg per cubic meter","Borough",3,10.210000000,"Winter",2015
"Fine Particulate Matter (PM2.5)","Mean","mcg per cubic meter","Borough",3,9.900000000,"Summer",2015
"Fine Particulate Matter (PM2.5)","Mean","mcg per cubic meter","Borough",3,9.240000000,"Annual",2015
"Fine Particulate Matter (PM2.5)","Mean","mcg per cubic meter","Borough",3,7.250000000,"Annual",2018
"Fine Particulate Matter (PM2.5)","Mean","mcg per cubic meter","Borough",3,8.610000000,"Summer",2018
"Fine Particulate Matter (PM2.5)","Mean","mcg per cubic meter","Borough",3,8.280000000,"Winter",2018
"Fine Particulate Matter (PM2.5)","Mean","mcg per cubic meter","Borough",5,8.410000000,"Annual",2014
"Fine Particulate Matter (PM2.5)","Mean","mcg per cubic meter","Borough",2,8.600000000,"Annual",2014
"Fine Particulate Matter (PM2.5)","Mean","mcg per cubic meter","Borough",4,10.850000000,"Annual",2014
"Fine Particulate Matter (PM2.5)","Mean","mcg per cubic meter","Borough",5,7.690000000,"Annual",2015
"Fine Particulate Matter (PM2.5)","Mean","mcg per cubic meter","Citywide",8,8.200000000,"Winter",2018
"Fine Particulate Matter (PM2.5)","Mean","mcg per cubic meter","Borough",3,14.080000000,"Winter",2009
"Fine Particulate Matter (PM2.5)","Mean","mcg per cubic meter","Borough",3,9.580000000,"Summer",2017
"Fine Particulate Matter (PM2.5)","Mean","mcg per cubic meter","Borough",5,6.580000000,"Summer",2020
"Fine Particulate Matter (PM2.5)","Mean","mcg per cubic meter","Citywide",8,6.060000000,"Annual",2020
"Fine Particulate Matter (PM2.5)","Mean","mcg per cubic meter","Citywide",8,7.430000000,"Winter",2020
"Fine Particulate Matter (PM2.5)","Mean","mcg per cubic meter","Citywide",8,6.950000000,"Summer",2020
"Fine Particulate Matter (PM2.5)","Mean","mcg per cubic meter","Borough",4,9.440000000,"Summer",2019
"Fine Particulate Matter (PM2.5)","Mean","mcg per cubic meter","Borough",4,9.330000000,"Winter",2019
"Fine Particulate Matter (PM2.5)","Mean","mcg per cubic meter","Borough",2,6.470000000,"Annual",2019
"Fine Particulate Matter (PM2.5)","Mean","mcg per cubic meter","Borough",2,7.720000000,"Summer",2019
"Fine Particulate Matter (PM2.5)","Mean","mcg per cubic meter","Citywide",8,10.100000000,"Annual",2011
"Fine Particulate Matter (PM2.5)","Mean","mcg per cubic meter","Borough",2,7.140000000,"Winter",2019
"Fine Particulate Matter (PM2.5)","Mean","mcg per cubic meter","Borough",5,5.920000000,"Annual",2019
"Fine Particulate Matter (PM2.5)","Mean","mcg per cubic meter","Borough",5,7.380000000,"Summer",2019
"Fine Particulate Matter (PM2.5)","Mean","mcg per cubic meter","Borough",5,6.500000000,"Winter",2019
"Fine Particulate Matter (PM2.5)","Mean","mcg per cubic meter","Borough",5,6.660000000,"Winter",2020
"Fine Particulate Matter (PM2.5)","Mean","mcg per cubic meter","Citywide",8,6.600000000,"Annual",2019
"Fine Particulate Matter (PM2.5)","Mean","mcg per cubic meter","Citywide",8,7.930000000,"Summer",2019
"Fine Particulate Matter (PM2.5)","Mean","mcg per cubic meter","Citywide",8,7.250000000,"Winter",2019
"Fine Particulate Matter (PM2.5)","Mean","mcg per cubic meter","Citywide",8,12.890000000,"Winter",2009
"Fine Particulate Matter (PM2.5)","Mean","mcg per cubic meter","Citywide",8,9.860000000,"Winter",2010
"Fine Particulate Matter (PM2.5)","Mean","mcg per cubic meter","Citywide",8,12.560000000,"Winter",2011
"Fine Particulate Matter (PM2.5)","Mean","mcg per cubic meter","Citywide",8,9.150000000,"Winter",2012
"Fine Particulate Matter (PM2.5)","Mean","mcg per cubic meter","Citywide",8,10.350000000,"Winter",2013
"Fine Particulate Matter (PM2.5)","Mean","mcg per cubic meter","Citywide",8,11.830000000,"Summer",2010
"Fine Particulate Matter (PM2.5)","Mean","mcg per cubic meter","Citywide",8,11.460000000,"Summer",2011
"Fine Particulate Matter (PM2.5)","Mean","mcg per cubic meter","Citywide",8,10.310000000,"Summer",2012
"Fine Particulate Matter (PM2.5)","Mean","mcg per cubic meter","Citywide",8,10.150000000,"Summer",2013
"Fine Particulate Matter (PM2.5)","Mean","mcg per cubic meter","Citywide",8,10.430000000,"Annual",2009
"Fine Particulate Matter (PM2.5)","Mean","mcg per cubic meter","Citywide",8,8.950000000,"Annual",2012
"Fine Particulate Matter (PM2.5)","Mean","mcg per cubic meter","Citywide",8,10.700000000,"Summer",2009
"Fine Particulate Matter (PM2.5)","Mean","mcg per cubic meter","Borough",5,5.540000000,"Annual",2020
"Fine Particulate Matter (PM2.5)","Mean","mcg per cubic meter","Citywide",8,9.540000000,"Annual",2010
"Fine Particulate Matter (PM2.5)","Mean","mcg per cubic meter","Borough",2,7.550000000,"Winter",2020
"Fine Particulate Matter (PM2.5)","Mean","mcg per cubic meter","Citywide",8,8.630000000,"Annual",2013
"Fine Particulate Matter (PM2.5)","Mean","mcg per cubic meter","Borough",2,6.870000000,"Summer",2020
"Fine Particulate Matter (PM2.5)","Mean","mcg per cubic meter","Borough",3,7.460000000,"Winter",2019
"Fine Particulate Matter (PM2.5)","Mean","mcg per cubic meter","Borough",4,9.130000000,"Winter",2020
"Fine Particulate Matter (PM2.5)","Mean","mcg per cubic meter","Borough",4,7.160000000,"Annual",2020
"Fine Particulate Matter (PM2.5)","Mean","mcg per cubic meter","Borough",3,7.990000000,"Summer",2019
"Fine Particulate Matter (PM2.5)","Mean","mcg per cubic meter","Borough",6,7.620000000,"Winter",2020
"Fine Particulate Matter (PM2.5)","Mean","mcg per cubic meter","Borough",6,6.120000000,"Annual",2020
"Fine Particulate Matter (PM2.5)","Mean","mcg per cubic meter","Borough",6,6.940000000,"Summer",2020
"Fine Particulate Matter (PM2.5)","Mean","mcg per cubic meter","Borough",3,7.020000000,"Winter",2020
"Fine Particulate Matter (PM2.5)","Mean","mcg per cubic meter","Borough",3,6.110000000,"Annual",2020
"Fine Particulate Matter (PM2.5)","Mean","mcg per cubic meter","Borough",6,6.660000000,"Annual",2019
"Fine Particulate Matter (PM2.5)","Mean","mcg per cubic meter","Borough",6,8.190000000,"Summer",2019
"Fine Particulate Matter (PM2.5)","Mean","mcg per cubic meter","Borough",6,7.290000000,"Winter",2019
"Fine Particulate Matter (PM2.5)","Mean","mcg per cubic meter","Borough",4,8.310000000,"Annual",2019
"Fine Particulate Matter (PM2.5)","Mean","mcg per cubic meter","Borough",4,7.800000000,"Summer",2020
"Fine Particulate Matter (PM2.5)","Mean","mcg per cubic meter","Borough",2,6.060000000,"Annual",2020
"Fine Particulate Matter (PM2.5)","Mean","mcg per cubic meter","Borough",3,7.240000000,"Summer",2020
"Fine Particulate Matter (PM2.5)","Mean","mcg per cubic meter","Borough",3,6.910000000,"Annual",2019
"Nitrogen Dioxide (NO2)","Mean","ppb","Borough",6,16.000000000,"Annual",2020
"Nitrogen Dioxide (NO2)","Mean","ppb","Borough",6,25.560000000,"Winter",2020
"Nitrogen Dioxide (NO2)","Mean","ppb","Borough",6,10.820000000,"Summer",2020
"Nitrogen Dioxide (NO2)","Mean","ppb","Borough",5,8.230000000,"Summer",2018
"Nitrogen Dioxide (NO2)","Mean","ppb","Borough",5,12.920000000,"Annual",2018
"Nitrogen Dioxide (NO2)","Mean","ppb","Borough",2,23.470000000,"Winter",2018
"Nitrogen Dioxide (NO2)","Mean","ppb","Borough",2,20.420000000,"Winter",2019
"Nitrogen Dioxide (NO2)","Mean","ppb","Borough",2,17.180000000,"Annual",2018
"Nitrogen Dioxide (NO2)","Mean","ppb","Borough",4,28.620000000,"Winter",2018
"Nitrogen Dioxide (NO2)","Mean","ppb","Borough",4,19.670000000,"Summer",2018
"Nitrogen Dioxide (NO2)","Mean","ppb","Borough",4,23.430000000,"Annual",2018
"Nitrogen Dioxide (NO2)","Mean","ppb","Borough",5,11.920000000,"Annual",2019
"Nitrogen Dioxide (NO2)","Mean","ppb","Borough",3,13.160000000,"Summer",2020
"Nitrogen Dioxide (NO2)","Mean","ppb","Borough",2,13.060000000,"Summer",2019
"Nitrogen Dioxide (NO2)","Mean","ppb","Borough",2,12.520000000,"Summer",2018
"Nitrogen Dioxide (NO2)","Mean","ppb","Borough",3,23.040000000,"Winter",2020
"Nitrogen Dioxide (NO2)","Mean","ppb","Borough",5,9.840000000,"Summer",2019
"Nitrogen Dioxide (NO2)","Mean","ppb","Borough",5,18.920000000,"Winter",2018
"Nitrogen Dioxide (NO2)","Mean","ppb","Citywide",8,18.890000000,"Annual",2014
"Nitrogen Dioxide (NO2)","Mean","ppb","Citywide",8,13.910000000,"Summer",2014
"Nitrogen Dioxide (NO2)","Mean","ppb","Citywide",8,26.310000000,"Winter",2014
"Nitrogen Dioxide (NO2)","Mean","ppb","Borough",3,25.870000000,"Winter",2014
"Nitrogen Dioxide (NO2)","Mean","ppb","Borough",6,27.780000000,"Winter",2014
"Nitrogen Dioxide (NO2)","Mean","ppb","Borough",4,32.410000000,"Winter",2014
"Nitrogen Dioxide (NO2)","Mean","ppb","Borough",2,26.840000000,"Winter",2014
"Nitrogen Dioxide (NO2)","Mean","ppb","Borough",5,21.790000000,"Winter",2014
"Nitrogen Dioxide (NO2)","Mean","ppb","Borough",6,14.540000000,"Summer",2014
"Nitrogen Dioxide (NO2)","Mean","ppb","Borough",2,13.660000000,"Summer",2014
"Nitrogen Dioxide (NO2)","Mean","ppb","Borough",5,9.260000000,"Summer",2014
"Nitrogen Dioxide (NO2)","Mean","ppb","Borough",3,19.800000000,"Annual",2014
"Nitrogen Dioxide (NO2)","Mean","ppb","Borough",6,19.950000000,"Annual",2014
"Nitrogen Dioxide (NO2)","Mean","ppb","Borough",4,26.700000000,"Annual",2014
"Nitrogen Dioxide (NO2)","Mean","ppb","Borough",2,18.930000000,"Annual",2014
"Nitrogen Dioxide (NO2)","Mean","ppb","Borough",5,14.180000000,"Annual",2014
"Nitrogen Dioxide (NO2)","Mean","ppb","Citywide",8,20.340000000,"Winter",2019
"Nitrogen Dioxide (NO2)","Mean","ppb","Citywide",8,12.980000000,"Summer",2019
"Nitrogen Dioxide (NO2)","Mean","ppb","Citywide",8,15.590000000,"Annual",2019
"Nitrogen Dioxide (NO2)","Mean","ppb","Borough",5,16.150000000,"Winter",2019
"Nitrogen Dioxide (NO2)","Mean","ppb","Citywide",8,23.060000000,"Winter",2018
"Nitrogen Dioxide (NO2)","Mean","ppb","Citywide",8,12.320000000,"Summer",2018
"Nitrogen Dioxide (NO2)","Mean","ppb","Citywide",8,17.000000000,"Annual",2018
"Nitrogen Dioxide (NO2)","Mean","ppb","Borough",3,17.100000000,"Annual",2020
"Nitrogen Dioxide (NO2)","Mean","ppb","Borough",3,15.750000000,"Summer",2014
"Nitrogen Dioxide (NO2)","Mean","ppb","Citywide",8,17.770000000,"Annual",2017
"Nitrogen Dioxide (NO2)","Mean","ppb","Borough",6,12.540000000,"Summer",2018
"Nitrogen Dioxide (NO2)","Mean","ppb","Citywide",8,22.980000000,"Winter",2020
"Nitrogen Dioxide (NO2)","Mean","ppb","Citywide",8,15.170000000,"Annual",2020
"Nitrogen Dioxide (NO2)","Mean","ppb","Borough",5,7.830000000,"Summer",2020
"Nitrogen Dioxide (NO2)","Mean","ppb","Borough",5,17.870000000,"Winter",2020
"Nitrogen Dioxide (NO2)","Mean","ppb","Borough",5,11.630000000,"Annual",2020
"Nitrogen Dioxide (NO2)","Mean","ppb","Borough",2,10.000000000,"Summer",2020
"Nitrogen Dioxide (NO2)","Mean","ppb","Citywide",8,10.610000000,"Summer",2020
"Nitrogen Dioxide (NO2)","Mean","ppb","Borough",2,22.860000000,"Winter",2020
"Nitrogen Dioxide (NO2)","Mean","ppb","Borough",4,15.970000000,"Summer",2020
"Nitrogen Dioxide (NO2)","Mean","ppb","Borough",4,29.310000000,"Winter",2020
"Nitrogen Dioxide (NO2)","Mean","ppb","Borough",3,14.970000000,"Summer",2017
"Nitrogen Dioxide (NO2)","Mean","ppb","Borough",3,19.350000000,"Annual",2017
"Nitrogen Dioxide (NO2)","Mean","ppb","Borough",3,26.370000000,"Winter",2017
"Nitrogen Dioxide (NO2)","Mean","ppb","Borough",6,13.440000000,"Summer",2017
"Nitrogen Dioxide (NO2)","Mean","ppb","Borough",2,14.820000000,"Annual",2020
"Nitrogen Dioxide (NO2)","Mean","ppb","Borough",3,22.280000000,"Winter",2016
"Nitrogen Dioxide (NO2)","Mean","ppb","Borough",3,14.920000000,"Summer",2016
"Nitrogen Dioxide (NO2)","Mean","ppb","Borough",3,18.420000000,"Annual",2016
"Nitrogen Dioxide (NO2)","Mean","ppb","Citywide",8,17.580000000,"Annual",2016
"Nitrogen Dioxide (NO2)","Mean","ppb","Citywide",8,13.200000000,"Summer",2016
"Nitrogen Dioxide (NO2)","Mean","ppb","Citywide",8,22.120000000,"Winter",2016
"Nitrogen Dioxide (NO2)","Mean","ppb","Borough",5,13.470000000,"Annual",2016
"Nitrogen Dioxide (NO2)","Mean","ppb","Borough",5,9.170000000,"Summer",2016
"Nitrogen Dioxide (NO2)","Mean","ppb","Borough",5,18.070000000,"Winter",2016
"Nitrogen Dioxide (NO2)","Mean","ppb","Borough",2,17.650000000,"Annual",2016
"Nitrogen Dioxide (NO2)","Mean","ppb","Borough",2,13.080000000,"Summer",2016
"Nitrogen Dioxide (NO2)","Mean","ppb","Borough",2,22.450000000,"Winter",2016
"Nitrogen Dioxide (NO2)","Mean","ppb","Borough",4,24.350000000,"Annual",2016
"Nitrogen Dioxide (NO2)","Mean","ppb","Borough",4,20.560000000,"Summer",2016
"Nitrogen Dioxide (NO2)","Mean","ppb","Borough",4,27.510000000,"Winter",2016
"Nitrogen Dioxide (NO2)","Mean","ppb","Borough",6,18.480000000,"Annual",2016
"Nitrogen Dioxide (NO2)","Mean","ppb","Borough",6,13.620000000,"Summer",2016
"Nitrogen Dioxide (NO2)","Mean","ppb","Borough",6,23.380000000,"Winter",2016
"Nitrogen Dioxide (NO2)","Mean","ppb","Borough",6,18.460000000,"Annual",2017
"Nitrogen Dioxide (NO2)","Mean","ppb","Borough",6,24.010000000,"Winter",2018
"Nitrogen Dioxide (NO2)","Mean","ppb","Borough",6,24.740000000,"Winter",2017
"Nitrogen Dioxide (NO2)","Mean","ppb","Borough",4,24.550000000,"Annual",2017
"Nitrogen Dioxide (NO2)","Mean","ppb","Borough",6,14.090000000,"Summer",2015
"Nitrogen Dioxide (NO2)","Mean","ppb","Borough",6,19.290000000,"Annual",2015
"Nitrogen Dioxide (NO2)","Mean","ppb","Borough",3,23.920000000,"Winter",2015
"Nitrogen Dioxide (NO2)","Mean","ppb","Borough",3,15.960000000,"Summer",2015
"Nitrogen Dioxide (NO2)","Mean","ppb","Borough",3,19.970000000,"Annual",2015
"Nitrogen Dioxide (NO2)","Mean","ppb","Borough",4,20.540000000,"Annual",2020
"Nitrogen Dioxide (NO2)","Mean","ppb","Borough",6,25.260000000,"Winter",2015
"Nitrogen Dioxide (NO2)","Mean","ppb","Borough",5,18.720000000,"Winter",2017
"Nitrogen Dioxide (NO2)","Mean","ppb","Borough",2,15.660000000,"Annual",2019
"Nitrogen Dioxide (NO2)","Mean","ppb","Citywide",8,24.120000000,"Winter",2017
"Nitrogen Dioxide (NO2)","Mean","ppb","Borough",3,17.730000000,"Annual",2018
"Nitrogen Dioxide (NO2)","Mean","ppb","Borough",3,13.620000000,"Summer",2018
"Nitrogen Dioxide (NO2)","Mean","ppb","Borough",3,23.570000000,"Winter",2018
"Nitrogen Dioxide (NO2)","Mean","ppb","Borough",6,17.830000000,"Annual",2018
"Nitrogen Dioxide (NO2)","Mean","ppb","Citywide",8,13.400000000,"Summer",2017
"Nitrogen Dioxide (NO2)","Mean","ppb","Borough",4,25.180000000,"Annual",2015
"Nitrogen Dioxide (NO2)","Mean","ppb","Borough",4,21.250000000,"Summer",2015
"Nitrogen Dioxide (NO2)","Mean","ppb","Borough",4,28.690000000,"Winter",2015
"Nitrogen Dioxide (NO2)","Mean","ppb","Borough",4,29.740000000,"Winter",2017
"Nitrogen Dioxide (NO2)","Mean","ppb","Borough",2,13.420000000,"Summer",2017
"Nitrogen Dioxide (NO2)","Mean","ppb","Borough",2,17.850000000,"Annual",2017
"Nitrogen Dioxide (NO2)","Mean","ppb","Borough",2,24.830000000,"Winter",2017
"Nitrogen Dioxide (NO2)","Mean","ppb","Borough",5,9.450000000,"Summer",2017
"Nitrogen Dioxide (NO2)","Mean","ppb","Borough",5,13.370000000,"Annual",2017
"Nitrogen Dioxide (NO2)","Mean","ppb","Citywide",8,23.740400000,"Winter",2015
"Nitrogen Dioxide (NO2)","Mean","ppb","Citywide",8,13.572800000,"Summer",2015
"Nitrogen Dioxide (NO2)","Mean","ppb","Citywide",8,18.396000000,"Annual",2015
"Nitrogen Dioxide (NO2)","Mean","ppb","Borough",5,19.750000000,"Winter",2015
"Nitrogen Dioxide (NO2)","Mean","ppb","Borough",5,8.850000000,"Summer",2015
"Nitrogen Dioxide (NO2)","Mean","ppb","Borough",5,13.720000000,"Annual",2015
"Nitrogen Dioxide (NO2)","Mean","ppb","Borough",2,23.930000000,"Winter",2015
"Nitrogen Dioxide (NO2)","Mean","ppb","Borough",2,13.470000000,"Summer",2015
"Nitrogen Dioxide (NO2)","Mean","ppb","Borough",2,18.510000000,"Annual",2015
"Nitrogen Dioxide (NO2)","Mean","ppb","Borough",4,21.330000000,"Summer",2017
"Nitrogen Dioxide (NO2)","Mean","ppb","Borough",4,26.020000000,"Winter",2019
"Nitrogen Dioxide (NO2)","Mean","ppb","Borough",4,22.690000000,"Summer",2014
"Nitrogen Dioxide (NO2)","Mean","ppb","Borough",4,30.960000000,"Annual",2011
"Nitrogen Dioxide (NO2)","Mean","ppb","Citywide",8,21.580000000,"Annual",2011
"Nitrogen Dioxide (NO2)","Mean","ppb","Citywide",8,21.110000000,"Annual",2010
"Nitrogen Dioxide (NO2)","Mean","ppb","Citywide",8,22.720000000,"Annual",2009
"Nitrogen Dioxide (NO2)","Mean","ppb","Citywide",8,15.200000000,"Summer",2013
"Nitrogen Dioxide (NO2)","Mean","ppb","Citywide",8,15.770000000,"Summer",2012
"Nitrogen Dioxide (NO2)","Mean","ppb","Citywide",8,17.140000000,"Summer",2011
"Nitrogen Dioxide (NO2)","Mean","ppb","Citywide",8,17.590000000,"Summer",2010
"Nitrogen Dioxide (NO2)","Mean","ppb","Citywide",8,18.900000000,"Summer",2009
"Nitrogen Dioxide (NO2)","Mean","ppb","Citywide",8,23.470000000,"Winter",2013
"Nitrogen Dioxide (NO2)","Mean","ppb","Citywide",8,22.540000000,"Winter",2012
"Nitrogen Dioxide (NO2)","Mean","ppb","Citywide",8,28.070000000,"Winter",2011
"Nitrogen Dioxide (NO2)","Mean","ppb","Citywide",8,24.770000000,"Winter",2010
"Nitrogen Dioxide (NO2)","Mean","ppb","Citywide",8,19.580000000,"Annual",2012
"Nitrogen Dioxide (NO2)","Mean","ppb","Borough",2,15.840000000,"Summer",2012
"Nitrogen Dioxide (NO2)","Mean","ppb","Borough",6,16.270000000,"Summer",2012
"Nitrogen Dioxide (NO2)","Mean","ppb","Borough",3,17.020000000,"Summer",2012
"Nitrogen Dioxide (NO2)","Mean","ppb","Borough",5,11.570000000,"Summer",2011
"Nitrogen Dioxide (NO2)","Mean","ppb","Borough",2,17.040000000,"Summer",2011
"Nitrogen Dioxide (NO2)","Mean","ppb","Citywide",8,27.920000000,"Winter",2009
"Nitrogen Dioxide (NO2)","Mean","ppb","Borough",4,27.720000000,"Summer",2011
"Nitrogen Dioxide (NO2)","Mean","ppb","Borough",6,18.140000000,"Summer",2011
"Nitrogen Dioxide (NO2)","Mean","ppb","Borough",3,18.310000000,"Summer",2011
"Nitrogen Dioxide (NO2)","Mean","ppb","Borough",5,12.030000000,"Summer",2010
"Nitrogen Dioxide (NO2)","Mean","ppb","Borough",2,17.420000000,"Summer",2010
"Nitrogen Dioxide (NO2)","Mean","ppb","Borough",4,28.520000000,"Summer",2010
"Nitrogen Dioxide (NO2)","Mean","ppb","Borough",6,18.230000000,"Summer",2010
"Nitrogen Dioxide (NO2)","Mean","ppb","Borough",4,25.830000000,"Summer",2012
"Nitrogen Dioxide (NO2)","Mean","ppb","Borough",3,19.420000000,"Summer",2010
"Nitrogen Dioxide (NO2)","Mean","ppb","Citywide",8,18.830000000,"Annual",2013
"Nitrogen Dioxide (NO2)","Mean","ppb","Borough",2,18.710000000,"Annual",2013
"Nitrogen Dioxide (NO2)","Mean","ppb","Borough",3,22.730000000,"Annual",2011
"Nitrogen Dioxide (NO2)","Mean","ppb","Borough",5,15.350000000,"Annual",2010
"Nitrogen Dioxide (NO2)","Mean","ppb","Borough",2,21.010000000,"Annual",2010
"Nitrogen Dioxide (NO2)","Mean","ppb","Borough",4,30.580000000,"Annual",2010
"Nitrogen Dioxide (NO2)","Mean","ppb","Borough",6,22.700000000,"Annual",2010
"Nitrogen Dioxide (NO2)","Mean","ppb","Borough",5,16.170000000,"Annual",2011
"Nitrogen Dioxide (NO2)","Mean","ppb","Borough",3,22.160000000,"Annual",2010
"Nitrogen Dioxide (NO2)","Mean","ppb","Borough",5,16.840000000,"Annual",2009
"Nitrogen Dioxide (NO2)","Mean","ppb","Borough",2,22.190000000,"Annual",2009
"Nitrogen Dioxide (NO2)","Mean","ppb","Borough",4,33.890000000,"Annual",2009
"Nitrogen Dioxide (NO2)","Mean","ppb","Borough",6,24.110000000,"Annual",2009
"Nitrogen Dioxide (NO2)","Mean","ppb","Borough",3,24.520000000,"Annual",2009
"Nitrogen Dioxide (NO2)","Mean","ppb","Borough",5,13.800000000,"Annual",2013
"Nitrogen Dioxide (NO2)","Mean","ppb","Borough",5,10.010000000,"Summer",2013
"Nitrogen Dioxide (NO2)","Mean","ppb","Borough",4,24.710000000,"Summer",2013
"Nitrogen Dioxide (NO2)","Mean","ppb","Borough",6,15.750000000,"Summer",2013
"Nitrogen Dioxide (NO2)","Mean","ppb","Borough",3,15.910000000,"Summer",2013
"Nitrogen Dioxide (NO2)","Mean","ppb","Borough",5,10.640000000,"Summer",2012
"Nitrogen Dioxide (NO2)","Mean","ppb","Borough",3,20.990000000,"Annual",2012
"Nitrogen Dioxide (NO2)","Mean","ppb","Borough",6,20.560000000,"Annual",2012
"Nitrogen Dioxide (NO2)","Mean","ppb","Borough",4,28.740000000,"Annual",2012
"Nitrogen Dioxide (NO2)","Mean","ppb","Borough",2,19.410000000,"Annual",2012
"Nitrogen Dioxide (NO2)","Mean","ppb","Borough",5,14.540000000,"Annual",2012
"Nitrogen Dioxide (NO2)","Mean","ppb","Borough",3,19.860000000,"Annual",2013
"Nitrogen Dioxide (NO2)","Mean","ppb","Borough",6,19.920000000,"Annual",2013
"Nitrogen Dioxide (NO2)","Mean","ppb","Borough",4,28.020000000,"Annual",2013
"Nitrogen Dioxide (NO2)","Mean","ppb","Borough",2,15.600000000,"Summer",2013
"Nitrogen Dioxide (NO2)","Mean","ppb","Borough",5,13.190000000,"Summer",2009
"Nitrogen Dioxide (NO2)","Mean","ppb","Borough",2,18.150000000,"Summer",2009
"Nitrogen Dioxide (NO2)","Mean","ppb","Borough",4,30.870000000,"Summer",2009
"Nitrogen Dioxide (NO2)","Mean","ppb","Borough",3,16.010000000,"Annual",2019
"Nitrogen Dioxide (NO2)","Mean","ppb","Borough",3,13.140000000,"Summer",2019
"Nitrogen Dioxide (NO2)","Mean","ppb","Borough",3,20.890000000,"Winter",2019
"Nitrogen Dioxide (NO2)","Mean","ppb","Borough",6,27.170000000,"Winter",2010
"Nitrogen Dioxide (NO2)","Mean","ppb","Borough",6,16.530000000,"Annual",2019
"Nitrogen Dioxide (NO2)","Mean","ppb","Borough",6,13.400000000,"Summer",2019
"Nitrogen Dioxide (NO2)","Mean","ppb","Borough",6,21.790000000,"Winter",2019
"Nitrogen Dioxide (NO2)","Mean","ppb","Borough",4,21.710000000,"Annual",2019
"Nitrogen Dioxide (NO2)","Mean","ppb","Borough",2,21.470000000,"Annual",2011
"Nitrogen Dioxide (NO2)","Mean","ppb","Borough",3,24.390000000,"Winter",2010
"Nitrogen Dioxide (NO2)","Mean","ppb","Borough",5,21.630000000,"Winter",2009
"Nitrogen Dioxide (NO2)","Mean","ppb","Borough",2,27.860000000,"Winter",2009
"Nitrogen Dioxide (NO2)","Mean","ppb","Borough",4,38.350000000,"Winter",2009
"Nitrogen Dioxide (NO2)","Mean","ppb","Borough",6,29.430000000,"Winter",2009
"Nitrogen Dioxide (NO2)","Mean","ppb","Borough",3,29.290000000,"Winter",2009
"Nitrogen Dioxide (NO2)","Mean","ppb","Borough",4,32.170000000,"Winter",2010
"Nitrogen Dioxide (NO2)","Mean","ppb","Borough",2,25.020000000,"Winter",2010
"Nitrogen Dioxide (NO2)","Mean","ppb","Borough",4,19.700000000,"Summer",2019
"Nitrogen Dioxide (NO2)","Mean","ppb","Borough",3,28.190000000,"Winter",2011
"Nitrogen Dioxide (NO2)","Mean","ppb","Borough",5,19.140000000,"Winter",2010
"Nitrogen Dioxide (NO2)","Mean","ppb","Borough",6,20.140000000,"Summer",2009
"Nitrogen Dioxide (NO2)","Mean","ppb","Borough",3,20.830000000,"Summer",2009
"Nitrogen Dioxide (NO2)","Mean","ppb","Borough",5,19.130000000,"Winter",2013
"Nitrogen Dioxide (NO2)","Mean","ppb","Borough",2,22.840000000,"Winter",2013
"Nitrogen Dioxide (NO2)","Mean","ppb","Borough",4,31.610000000,"Winter",2013
"Nitrogen Dioxide (NO2)","Mean","ppb","Borough",6,25.300000000,"Winter",2013
"Nitrogen Dioxide (NO2)","Mean","ppb","Borough",3,24.030000000,"Winter",2013
"Nitrogen Dioxide (NO2)","Mean","ppb","Borough",6,22.840000000,"Annual",2011
"Nitrogen Dioxide (NO2)","Mean","ppb","Borough",2,22.620000000,"Winter",2012
"Nitrogen Dioxide (NO2)","Mean","ppb","Borough",4,30.210000000,"Winter",2012
"Nitrogen Dioxide (NO2)","Mean","ppb","Borough",6,23.500000000,"Winter",2012
"Nitrogen Dioxide (NO2)","Mean","ppb","Borough",3,23.480000000,"Winter",2012
"Nitrogen Dioxide (NO2)","Mean","ppb","Borough",5,23.080000000,"Winter",2011
"Nitrogen Dioxide (NO2)","Mean","ppb","Borough",2,28.320000000,"Winter",2011
"Nitrogen Dioxide (NO2)","Mean","ppb","Borough",4,35.380000000,"Winter",2011
"Nitrogen Dioxide (NO2)","Mean","ppb","Borough",5,17.930000000,"Winter",2012
"Nitrogen Dioxide (NO2)","Mean","ppb","Borough",6,29.660000000,"Winter",2011
"O3-Attributable Asthma Emergency Department Visits","Estimated Annual Rate- 18 Yrs and Older","per 100\,000 adults","Citywide",8,54.100000000,"Annual",2014
"O3-Attributable Asthma Emergency Department Visits","Estimated Annual Rate- Children 0 to 17 Yrs Old","per 100\,000 children","Borough",3,177.500000000,"Annual",2017
"O3-Attributable Asthma Emergency Department Visits","Estimated Annual Rate- Children 0 to 17 Yrs Old","per 100\,000 children","Borough",6,87.300000000,"Annual",2017
"O3-Attributable Asthma Emergency Department Visits","Estimated Annual Rate- Children 0 to 17 Yrs Old","per 100\,000 children","Borough",5,52.000000000,"Annual",2017
"O3-Attributable Asthma Emergency Department Visits","Estimated Annual Rate- Children 0 to 17 Yrs Old","per 100\,000 children","Borough",2,67.300000000,"Annual",2017
"O3-Attributable Asthma Emergency Department Visits","Estimated Annual Rate- 18 Yrs and Older","per 100\,000 adults","Borough",5,37.900000000,"Annual",2014
"O3-Attributable Asthma Emergency Department Visits","Estimated Annual Rate- Children 0 to 17 Yrs Old","per 100\,000 children","Citywide",8,101.900000000,"Annual",2017
"O3-Attributable Asthma Emergency Department Visits","Estimated Annual Rate- 18 Yrs and Older","per 100\,000 adults","Borough",3,87.600000000,"Annual",2017
"O3-Attributable Asthma Emergency Department Visits","Estimated Annual Rate- Children 0 to 17 Yrs Old","per 100\,000 children","Borough",4,113.300000000,"Annual",2017
"O3-Attributable Asthma Emergency Department Visits","Estimated Annual Rate- 18 Yrs and Older","per 100\,000 adults","Borough",2,30.300000000,"Annual",2014
"O3-Attributable Asthma Emergency Department Visits","Estimated Annual Rate- Children 0 to 17 Yrs Old","per 100\,000 children","Citywide",8,118.800000000,"Annual",2014
"O3-Attributable Asthma Emergency Department Visits","Estimated Annual Rate- 18 Yrs and Older","per 100\,000 adults","Borough",6,58.800000000,"Annual",2014
"O3-Attributable Asthma Emergency Department Visits","Estimated Annual Rate- 18 Yrs and Older","per 100\,000 adults","Borough",3,102.800000000,"Annual",2014
"O3-Attributable Asthma Emergency Department Visits","Estimated Annual Rate- Children 0 to 17 Yrs Old","per 100\,000 children","Borough",5,62.500000000,"Annual",2014
"O3-Attributable Asthma Emergency Department Visits","Estimated Annual Rate- Children 0 to 17 Yrs Old","per 100\,000 children","Borough",2,74.000000000,"Annual",2014
"O3-Attributable Asthma Emergency Department Visits","Estimated Annual Rate- Children 0 to 17 Yrs Old","per 100\,000 children","Borough",4,127.200000000,"Annual",2014
"O3-Attributable Asthma Emergency Department Visits","Estimated Annual Rate- Children 0 to 17 Yrs Old","per 100\,000 children","Borough",6,104.300000000,"Annual",2014
"O3-Attributable Asthma Emergency Department Visits","Estimated Annual Rate- 18 Yrs and Older","per 100\,000 adults","Borough",2,27.200000000,"Annual",2017
"O3-Attributable Asthma Emergency Department Visits","Estimated Annual Rate- 18 Yrs and Older","per 100\,000 adults","Borough",5,33.900000000,"Annual",2017
"O3-Attributable Asthma Emergency Department Visits","Estimated Annual Rate- 18 Yrs and Older","per 100\,000 adults","Citywide",8,48.300000000,"Annual",2017
"O3-Attributable Asthma Emergency Department Visits","Estimated Annual Rate- 18 Yrs and Older","per 100\,000 adults","Borough",4,46.500000000,"Annual",2014
"O3-Attributable Asthma Emergency Department Visits","Estimated Annual Rate- Children 0 to 17 Yrs Old","per 100\,000 children","Borough",3,210.400000000,"Annual",2014
"O3-Attributable Asthma Emergency Department Visits","Estimated Annual Rate- 18 Yrs and Older","per 100\,000 adults","Borough",6,51.700000000,"Annual",2017
"O3-Attributable Asthma Emergency Department Visits","Estimated Annual Rate- 18 Yrs and Older","per 100\,000 adults","Citywide",8,47.400000000,"Annual",2011
"O3-Attributable Asthma Emergency Department Visits","Estimated Annual Rate- 18 Yrs and Older","per 100\,000 adults","Borough",4,45.000000000,"Annual",2017
"O3-Attributable Asthma Emergency Department Visits","Estimated Annual Rate- Children 0 to 17 Yrs Old","per 100\,000 children","Borough",5,67.900000000,"Annual",2011
"O3-Attributable Asthma Emergency Department Visits","Estimated Annual Rate- 18 Yrs and Older","per 100\,000 adults","Borough",5,28.400000000,"Annual",2007
"O3-Attributable Asthma Emergency Department Visits","Estimated Annual Rate- Children 0 to 17 Yrs Old","per 100\,000 children","Borough",6,101.000000000,"Annual",2011
"O3-Attributable Asthma Emergency Department Visits","Estimated Annual Rate- Children 0 to 17 Yrs Old","per 100\,000 children","Borough",3,146.700000000,"Annual",2011
"O3-Attributable Asthma Emergency Department Visits","Estimated Annual Rate- Children 0 to 17 Yrs Old","per 100\,000 children","Borough",2,84.100000000,"Annual",2011
"O3-Attributable Asthma Emergency Department Visits","Estimated Annual Rate- Children 0 to 17 Yrs Old","per 100\,000 children","Borough",4,135.700000000,"Annual",2011
"O3-Attributable Asthma Emergency Department Visits","Estimated Annual Rate- 18 Yrs and Older","per 100\,000 adults","Borough",2,23.500000000,"Annual",2007
"O3-Attributable Asthma Emergency Department Visits","Estimated Annual Rate- 18 Yrs and Older","per 100\,000 adults","Borough",4,43.800000000,"Annual",2007
"O3-Attributable Asthma Emergency Department Visits","Estimated Annual Rate- 18 Yrs and Older","per 100\,000 adults","Borough",6,47.800000000,"Annual",2007
"O3-Attributable Asthma Emergency Department Visits","Estimated Annual Rate- 18 Yrs and Older","per 100\,000 adults","Borough",3,89.600000000,"Annual",2007
"O3-Attributable Asthma Emergency Department Visits","Estimated Annual Rate- 18 Yrs and Older","per 100\,000 adults","Citywide",8,45.400000000,"Annual",2007
"O3-Attributable Asthma Emergency Department Visits","Estimated Annual Rate- Children 0 to 17 Yrs Old","per 100\,000 children","Citywide",8,108.600000000,"Annual",2011
"O3-Attributable Asthma Emergency Department Visits","Estimated Annual Rate- 18 Yrs and Older","per 100\,000 adults","Borough",3,79.800000000,"Annual",2011
"O3-Attributable Asthma Emergency Department Visits","Estimated Annual Rate- 18 Yrs and Older","per 100\,000 adults","Borough",6,54.000000000,"Annual",2011
"O3-Attributable Asthma Emergency Department Visits","Estimated Annual Rate- 18 Yrs and Older","per 100\,000 adults","Borough",4,43.200000000,"Annual",2011
"O3-Attributable Asthma Emergency Department Visits","Estimated Annual Rate- 18 Yrs and Older","per 100\,000 adults","Borough",2,27.000000000,"Annual",2011
"O3-Attributable Asthma Emergency Department Visits","Estimated Annual Rate- 18 Yrs and Older","per 100\,000 adults","Borough",5,37.900000000,"Annual",2011
"O3-Attributable Asthma Emergency Department Visits","Estimated Annual Rate- Children 0 to 17 Yrs Old","per 100\,000 children","Borough",5,49.900000000,"Annual",2007
"O3-Attributable Asthma Emergency Department Visits","Estimated Annual Rate- Children 0 to 17 Yrs Old","per 100\,000 children","Borough",2,65.700000000,"Annual",2007
"O3-Attributable Asthma Emergency Department Visits","Estimated Annual Rate- Children 0 to 17 Yrs Old","per 100\,000 children","Borough",4,120.100000000,"Annual",2007
"O3-Attributable Asthma Emergency Department Visits","Estimated Annual Rate- Children 0 to 17 Yrs Old","per 100\,000 children","Citywide",8,91.300000000,"Annual",2007
"O3-Attributable Asthma Emergency Department Visits","Estimated Annual Rate- Children 0 to 17 Yrs Old","per 100\,000 children","Borough",6,79.000000000,"Annual",2007
"O3-Attributable Asthma Emergency Department Visits","Estimated Annual Rate- Children 0 to 17 Yrs Old","per 100\,000 children","Borough",3,136.100000000,"Annual",2007
"O3-Attributable Asthma Hospitalizations","Estimated Annual Rate- Children 0 to 17 Yrs Old","per 100\,000 children","Borough",6,21.300000000,"Annual",2014
"O3-Attributable Asthma Hospitalizations","Estimated Annual Rate- Children 0 to 17 Yrs Old","per 100\,000 children","Borough",3,45.000000000,"Annual",2014
"O3-Attributable Asthma Hospitalizations","Estimated Annual Rate- Children 0 to 17 Yrs Old","per 100\,000 children","Borough",2,15.500000000,"Annual",2014
"O3-Attributable Asthma Hospitalizations","Estimated Annual Rate- 18 Yrs and Older","per 100\,000 adults","Borough",5,3.700000000,"Annual",2017
"O3-Attributable Asthma Hospitalizations","Estimated Annual Rate- 18 Yrs and Older","per 100\,000 adults","Citywide",8,3.900000000,"Annual",2017
"O3-Attributable Asthma Hospitalizations","Estimated Annual Rate- 18 Yrs and Older","per 100\,000 adults","Borough",5,6.800000000,"Annual",2011
"O3-Attributable Asthma Hospitalizations","Estimated Annual Rate- Children 0 to 17 Yrs Old","per 100\,000 children","Borough",4,20.600000000,"Annual",2014
"O3-Attributable Asthma Hospitalizations","Estimated Annual Rate- 18 Yrs and Older","per 100\,000 adults","Borough",2,4.200000000,"Annual",2011
"O3-Attributable Asthma Hospitalizations","Estimated Annual Rate- Children 0 to 17 Yrs Old","per 100\,000 children","Borough",6,16.500000000,"Annual",2017
"O3-Attributable Asthma Hospitalizations","Estimated Annual Rate- 18 Yrs and Older","per 100\,000 adults","Borough",6,7.600000000,"Annual",2011
"O3-Attributable Asthma Hospitalizations","Estimated Annual Rate- 18 Yrs and Older","per 100\,000 adults","Borough",3,13.700000000,"Annual",2011
"O3-Attributable Asthma Hospitalizations","Estimated Annual Rate- 18 Yrs and Older","per 100\,000 adults","Citywide",8,7.000000000,"Annual",2011
"O3-Attributable Asthma Hospitalizations","Estimated Annual Rate- Children 0 to 17 Yrs Old","per 100\,000 children","Borough",2,11.400000000,"Annual",2017
"O3-Attributable Asthma Hospitalizations","Estimated Annual Rate- Children 0 to 17 Yrs Old","per 100\,000 children","Borough",4,18.000000000,"Annual",2017
"O3-Attributable Asthma Hospitalizations","Estimated Annual Rate- Children 0 to 17 Yrs Old","per 100\,000 children","Borough",5,12.300000000,"Annual",2014
"O3-Attributable Asthma Hospitalizations","Estimated Annual Rate- Children 0 to 17 Yrs Old","per 100\,000 children","Borough",3,34.300000000,"Annual",2017
"O3-Attributable Asthma Hospitalizations","Estimated Annual Rate- Children 0 to 17 Yrs Old","per 100\,000 children","Borough",5,12.500000000,"Annual",2011
"O3-Attributable Asthma Hospitalizations","Estimated Annual Rate- Children 0 to 17 Yrs Old","per 100\,000 children","Borough",2,17.000000000,"Annual",2011
"O3-Attributable Asthma Hospitalizations","Estimated Annual Rate- Children 0 to 17 Yrs Old","per 100\,000 children","Borough",4,19.900000000,"Annual",2011
"O3-Attributable Asthma Hospitalizations","Estimated Annual Rate- Children 0 to 17 Yrs Old","per 100\,000 children","Borough",6,20.900000000,"Annual",2011
"O3-Attributable Asthma Hospitalizations","Estimated Annual Rate- Children 0 to 17 Yrs Old","per 100\,000 children","Borough",3,37.800000000,"Annual",2011
"O3-Attributable Asthma Hospitalizations","Estimated Annual Rate- Children 0 to 17 Yrs Old","per 100\,000 children","Citywide",8,22.700000000,"Annual",2011
"O3-Attributable Asthma Hospitalizations","Estimated Annual Rate- 18 Yrs and Older","per 100\,000 adults","Borough",4,4.900000000,"Annual",2011
"O3-Attributable Asthma Hospitalizations","Estimated Annual Rate- 18 Yrs and Older","per 100\,000 adults","Borough",2,2.600000000,"Annual",2017
"O3-Attributable Asthma Hospitalizations","Estimated Annual Rate- 18 Yrs and Older","per 100\,000 adults","Borough",4,5.500000000,"Annual",2007
"O3-Attributable Asthma Hospitalizations","Estimated Annual Rate- 18 Yrs and Older","per 100\,000 adults","Borough",6,3.100000000,"Annual",2017
"O3-Attributable Asthma Hospitalizations","Estimated Annual Rate- Children 0 to 17 Yrs Old","per 100\,000 children","Borough",4,20.100000000,"Annual",2007
"O3-Attributable Asthma Hospitalizations","Estimated Annual Rate- Children 0 to 17 Yrs Old","per 100\,000 children","Borough",2,17.100000000,"Annual",2007
"O3-Attributable Asthma Hospitalizations","Estimated Annual Rate- Children 0 to 17 Yrs Old","per 100\,000 children","Borough",5,11.700000000,"Annual",2007
"O3-Attributable Asthma Hospitalizations","Estimated Annual Rate- Children 0 to 17 Yrs Old","per 100\,000 children","Borough",5,11.200000000,"Annual",2017
"O3-Attributable Asthma Hospitalizations","Estimated Annual Rate- Children 0 to 17 Yrs Old","per 100\,000 children","Citywide",8,18.700000000,"Annual",2017
"O3-Attributable Asthma Hospitalizations","Estimated Annual Rate- 18 Yrs and Older","per 100\,000 adults","Borough",3,9.100000000,"Annual",2017
"O3-Attributable Asthma Hospitalizations","Estimated Annual Rate- Children 0 to 17 Yrs Old","per 100\,000 children","Citywide",8,22.000000000,"Annual",2007
"O3-Attributable Asthma Hospitalizations","Estimated Annual Rate- 18 Yrs and Older","per 100\,000 adults","Borough",4,2.800000000,"Annual",2017
"O3-Attributable Asthma Hospitalizations","Estimated Annual Rate- Children 0 to 17 Yrs Old","per 100\,000 children","Borough",6,21.100000000,"Annual",2007
"O3-Attributable Asthma Hospitalizations","Estimated Annual Rate- 18 Yrs and Older","per 100\,000 adults","Citywide",8,6.600000000,"Annual",2014
"O3-Attributable Asthma Hospitalizations","Estimated Annual Rate- Children 0 to 17 Yrs Old","per 100\,000 children","Borough",3,34.100000000,"Annual",2007
"O3-Attributable Asthma Hospitalizations","Estimated Annual Rate- 18 Yrs and Older","per 100\,000 adults","Borough",2,4.000000000,"Annual",2014
"O3-Attributable Asthma Hospitalizations","Estimated Annual Rate- 18 Yrs and Older","per 100\,000 adults","Citywide",8,7.100000000,"Annual",2007
"O3-Attributable Asthma Hospitalizations","Estimated Annual Rate- 18 Yrs and Older","per 100\,000 adults","Borough",3,13.400000000,"Annual",2007
"O3-Attributable Asthma Hospitalizations","Estimated Annual Rate- 18 Yrs and Older","per 100\,000 adults","Borough",6,8.000000000,"Annual",2007
"O3-Attributable Asthma Hospitalizations","Estimated Annual Rate- 18 Yrs and Older","per 100\,000 adults","Borough",2,4.300000000,"Annual",2007
"O3-Attributable Asthma Hospitalizations","Estimated Annual Rate- 18 Yrs and Older","per 100\,000 adults","Borough",5,4.700000000,"Annual",2007
"O3-Attributable Asthma Hospitalizations","Estimated Annual Rate- 18 Yrs and Older","per 100\,000 adults","Borough",4,4.800000000,"Annual",2014
"O3-Attributable Asthma Hospitalizations","Estimated Annual Rate- 18 Yrs and Older","per 100\,000 adults","Borough",6,6.900000000,"Annual",2014
"O3-Attributable Asthma Hospitalizations","Estimated Annual Rate- 18 Yrs and Older","per 100\,000 adults","Borough",3,13.400000000,"Annual",2014
"O3-Attributable Asthma Hospitalizations","Estimated Annual Rate- Children 0 to 17 Yrs Old","per 100\,000 children","Citywide",8,24.000000000,"Annual",2014
"O3-Attributable Asthma Hospitalizations","Estimated Annual Rate- 18 Yrs and Older","per 100\,000 adults","Borough",5,5.900000000,"Annual",2014
"O3-Attributable Cardiac and Respiratory Deaths","Estimated Annual Rate","per 100\,000 residents","Citywide",8,4.700000000,"Annual",2011
"O3-Attributable Cardiac and Respiratory Deaths","Estimated Annual Rate","per 100\,000 residents","Borough",2,4.500000000,"Annual",2011
"O3-Attributable Cardiac and Respiratory Deaths","Estimated Annual Rate","per 100\,000 residents","Borough",5,7.800000000,"Annual",2011
"O3-Attributable Cardiac and Respiratory Deaths","Estimated Annual Rate","per 100\,000 residents","Borough",3,4.100000000,"Annual",2011
"O3-Attributable Cardiac and Respiratory Deaths","Estimated Annual Rate","per 100\,000 residents","Borough",2,4.900000000,"Annual",2014
"O3-Attributable Cardiac and Respiratory Deaths","Estimated Annual Rate","per 100\,000 residents","Borough",5,7.500000000,"Annual",2014
"O3-Attributable Cardiac and Respiratory Deaths","Estimated Annual Rate","per 100\,000 residents","Borough",4,4.200000000,"Annual",2014
"O3-Attributable Cardiac and Respiratory Deaths","Estimated Annual Rate","per 100\,000 residents","Borough",6,5.200000000,"Annual",2014
"O3-Attributable Cardiac and Respiratory Deaths","Estimated Annual Rate","per 100\,000 residents","Borough",3,5.000000000,"Annual",2014
"O3-Attributable Cardiac and Respiratory Deaths","Estimated Annual Rate","per 100\,000 residents","Citywide",8,5.000000000,"Annual",2014
"O3-Attributable Cardiac and Respiratory Deaths","Estimated Annual Rate","per 100\,000 residents","Borough",3,3.900000000,"Annual",2007
"O3-Attributable Cardiac and Respiratory Deaths","Estimated Annual Rate","per 100\,000 residents","Borough",5,7.500000000,"Annual",2017
"O3-Attributable Cardiac and Respiratory Deaths","Estimated Annual Rate","per 100\,000 residents","Borough",4,3.800000000,"Annual",2011
"O3-Attributable Cardiac and Respiratory Deaths","Estimated Annual Rate","per 100\,000 residents","Borough",6,5.600000000,"Annual",2007
"O3-Attributable Cardiac and Respiratory Deaths","Estimated Annual Rate","per 100\,000 residents","Borough",4,3.900000000,"Annual",2007
"O3-Attributable Cardiac and Respiratory Deaths","Estimated Annual Rate","per 100\,000 residents","Borough",2,4.800000000,"Annual",2007
"O3-Attributable Cardiac and Respiratory Deaths","Estimated Annual Rate","per 100\,000 residents","Borough",5,7.800000000,"Annual",2007
"O3-Attributable Cardiac and Respiratory Deaths","Estimated Annual Rate","per 100\,000 residents","Citywide",8,4.800000000,"Annual",2017
"O3-Attributable Cardiac and Respiratory Deaths","Estimated Annual Rate","per 100\,000 residents","Citywide",8,4.900000000,"Annual",2007
"O3-Attributable Cardiac and Respiratory Deaths","Estimated Annual Rate","per 100\,000 residents","Borough",6,5.200000000,"Annual",2011
"O3-Attributable Cardiac and Respiratory Deaths","Estimated Annual Rate","per 100\,000 residents","Borough",2,4.700000000,"Annual",2017
"O3-Attributable Cardiac and Respiratory Deaths","Estimated Annual Rate","per 100\,000 residents","Borough",4,3.900000000,"Annual",2017
"O3-Attributable Cardiac and Respiratory Deaths","Estimated Annual Rate","per 100\,000 residents","Borough",6,5.000000000,"Annual",2017
"O3-Attributable Cardiac and Respiratory Deaths","Estimated Annual Rate","per 100\,000 residents","Borough",3,4.600000000,"Annual",2017
"Ozone (O3)","Mean","ppb","Borough",6,31.070000000,"Summer",2019
"Ozone (O3)","Mean","ppb","Borough",4,28.770000000,"Summer",2020
"Ozone (O3)","Mean","ppb","Borough",2,30.520000000,"Summer",2020
"Ozone (O3)","Mean","ppb","Borough",5,28.610000000,"Summer",2020
"Ozone (O3)","Mean","ppb","Citywide",8,29.840000000,"Summer",2020
"Ozone (O3)","Mean","ppb","Borough",5,29.290000000,"Summer",2019
"Ozone (O3)","Mean","ppb","Borough",3,30.780000000,"Summer",2018
"Ozone (O3)","Mean","ppb","Borough",6,30.870000000,"Summer",2018
"Ozone (O3)","Mean","ppb","Citywide",8,30.550000000,"Summer",2019
"Ozone (O3)","Mean","ppb","Borough",4,26.980000000,"Summer",2018
"Ozone (O3)","Mean","ppb","Citywide",8,29.540000000,"Summer",2017
"Ozone (O3)","Mean","ppb","Borough",5,28.460000000,"Summer",2017
"Ozone (O3)","Mean","ppb","Borough",3,28.850000000,"Summer",2017
"Ozone (O3)","Mean","ppb","Borough",4,25.330000000,"Summer",2017
"Ozone (O3)","Mean","ppb","Borough",6,30.260000000,"Summer",2017
"Ozone (O3)","Mean","ppb","Borough",2,31.460000000,"Summer",2018
"Ozone (O3)","Mean","ppb","Borough",5,29.810000000,"Summer",2018
"Ozone (O3)","Mean","ppb","Citywide",8,30.560000000,"Summer",2018
"Ozone (O3)","Mean","ppb","Borough",2,32.180000000,"Summer",2019
"Ozone (O3)","Mean","ppb","Borough",4,25.850000000,"Summer",2019
"Ozone (O3)","Mean","ppb","Borough",3,29.870000000,"Summer",2019
"Ozone (O3)","Mean","ppb","Borough",2,30.830000000,"Summer",2017
"Ozone (O3)","Mean","ppb","Borough",3,31.250000000,"Summer",2013
"Ozone (O3)","Mean","ppb","Borough",3,30.850000000,"Summer",2020
"Ozone (O3)","Mean","ppb","Borough",6,33.980000000,"Summer",2016
"Ozone (O3)","Mean","ppb","Borough",3,33.090000000,"Summer",2016
"Ozone (O3)","Mean","ppb","Borough",4,27.000000000,"Summer",2014
"Ozone (O3)","Mean","ppb","Borough",6,29.690000000,"Summer",2020
"Ozone (O3)","Mean","ppb","Citywide",8,26.000000000,"Summer",2009
"Ozone (O3)","Mean","ppb","Citywide",8,33.680000000,"Summer",2010
"Ozone (O3)","Mean","ppb","Citywide",8,33.100000000,"Summer",2011
"Ozone (O3)","Mean","ppb","Borough",4,27.270000000,"Summer",2011
"Ozone (O3)","Mean","ppb","Citywide",8,31.837700000,"Summer",2015
"Ozone (O3)","Mean","ppb","Borough",5,32.590000000,"Summer",2015
"Ozone (O3)","Mean","ppb","Borough",2,32.360000000,"Summer",2015
"Ozone (O3)","Mean","ppb","Borough",4,27.770000000,"Summer",2015
"Ozone (O3)","Mean","ppb","Borough",4,30.300000000,"Summer",2016
"Ozone (O3)","Mean","ppb","Borough",6,32.480000000,"Summer",2015
"Ozone (O3)","Mean","ppb","Borough",4,29.210000000,"Summer",2012
"Ozone (O3)","Mean","ppb","Citywide",8,33.830000000,"Summer",2012
"Ozone (O3)","Mean","ppb","Citywide",8,30.990000000,"Summer",2013
"Ozone (O3)","Mean","ppb","Citywide",8,31.370000000,"Summer",2014
"Ozone (O3)","Mean","ppb","Borough",3,25.300000000,"Summer",2009
"Ozone (O3)","Mean","ppb","Borough",3,33.160000000,"Summer",2010
"Ozone (O3)","Mean","ppb","Borough",3,32.910000000,"Summer",2011
"Ozone (O3)","Mean","ppb","Borough",4,26.330000000,"Summer",2013
"Ozone (O3)","Mean","ppb","Borough",3,34.610000000,"Summer",2012
"Ozone (O3)","Mean","ppb","Borough",5,33.770000000,"Summer",2012
"Ozone (O3)","Mean","ppb","Borough",5,31.300000000,"Summer",2013
"Ozone (O3)","Mean","ppb","Borough",5,31.410000000,"Summer",2014
"Ozone (O3)","Mean","ppb","Borough",3,30.390000000,"Summer",2015
"Ozone (O3)","Mean","ppb","Borough",5,35.110000000,"Summer",2016
"Ozone (O3)","Mean","ppb","Borough",2,33.980000000,"Summer",2016
"Ozone (O3)","Mean","ppb","Borough",2,26.850000000,"Summer",2009
"Ozone (O3)","Mean","ppb","Borough",3,31.150000000,"Summer",2014
"Ozone (O3)","Mean","ppb","Borough",6,26.270000000,"Summer",2009
"Ozone (O3)","Mean","ppb","Citywide",8,33.820000000,"Summer",2016
"Ozone (O3)","Mean","ppb","Borough",5,35.170000000,"Summer",2010
"Ozone (O3)","Mean","ppb","Borough",6,33.830000000,"Summer",2010
"Ozone (O3)","Mean","ppb","Borough",6,33.190000000,"Summer",2011
"Ozone (O3)","Mean","ppb","Borough",6,33.890000000,"Summer",2012
"Ozone (O3)","Mean","ppb","Borough",6,31.130000000,"Summer",2013
"Ozone (O3)","Mean","ppb","Borough",6,31.290000000,"Summer",2014
"Ozone (O3)","Mean","ppb","Borough",5,34.160000000,"Summer",2011
"Ozone (O3)","Mean","ppb","Borough",5,26.720000000,"Summer",2009
"Ozone (O3)","Mean","ppb","Borough",2,32.430000000,"Summer",2014
"Ozone (O3)","Mean","ppb","Borough",2,31.600000000,"Summer",2013
"Ozone (O3)","Mean","ppb","Borough",2,34.500000000,"Summer",2012
"Ozone (O3)","Mean","ppb","Borough",2,33.720000000,"Summer",2011
"Ozone (O3)","Mean","ppb","Borough",2,34.070000000,"Summer",2010
"Ozone (O3)","Mean","ppb","Borough",4,28.210000000,"Summer",2010
"Ozone (O3)","Mean","ppb","Borough",4,20.440000000,"Summer",2009
"PM2.5-Attributable Asthma Emergency Department Visits","Estimated Annual Rate- Children 0 to 17 Yrs Old","per 100\,000 children","Borough",2,74.800000000,"Annual",2011
"PM2.5-Attributable Asthma Emergency Department Visits","Estimated Annual Rate- Children 0 to 17 Yrs Old","per 100\,000 children","Borough",5,50.500000000,"Annual",2011
"PM2.5-Attributable Asthma Emergency Department Visits","Estimated Annual Rate- Children 0 to 17 Yrs Old","per 100\,000 children","Borough",4,144.300000000,"Annual",2011
"PM2.5-Attributable Asthma Emergency Department Visits","Estimated Annual Rate- 18 Yrs and Older","per 100\,000 adults","Borough",6,34.900000000,"Annual",2017
"PM2.5-Attributable Asthma Emergency Department Visits","Estimated Annual Rate- 18 Yrs and Older","per 100\,000 adults","Borough",3,67.000000000,"Annual",2017
"PM2.5-Attributable Asthma Emergency Department Visits","Estimated Annual Rate- Children 0 to 17 Yrs Old","per 100\,000 children","Borough",4,93.500000000,"Annual",2017
"PM2.5-Attributable Asthma Emergency Department Visits","Estimated Annual Rate- Children 0 to 17 Yrs Old","per 100\,000 children","Borough",5,33.100000000,"Annual",2017
"PM2.5-Attributable Asthma Emergency Department Visits","Estimated Annual Rate- Children 0 to 17 Yrs Old","per 100\,000 children","Borough",2,47.300000000,"Annual",2017
"PM2.5-Attributable Asthma Emergency Department Visits","Estimated Annual Rate- Children 0 to 17 Yrs Old","per 100\,000 children","Borough",6,62.500000000,"Annual",2017
"PM2.5-Attributable Asthma Emergency Department Visits","Estimated Annual Rate- Children 0 to 17 Yrs Old","per 100\,000 children","Borough",3,146.900000000,"Annual",2017
"PM2.5-Attributable Asthma Emergency Department Visits","Estimated Annual Rate- 18 Yrs and Older","per 100\,000 adults","Borough",5,20.800000000,"Annual",2017
"PM2.5-Attributable Asthma Emergency Department Visits","Estimated Annual Rate- 18 Yrs and Older","per 100\,000 adults","Citywide",8,34.600000000,"Annual",2017
"PM2.5-Attributable Asthma Emergency Department Visits","Estimated Annual Rate- Children 0 to 17 Yrs Old","per 100\,000 children","Citywide",8,78.200000000,"Annual",2017
"PM2.5-Attributable Asthma Emergency Department Visits","Estimated Annual Rate- Children 0 to 17 Yrs Old","per 100\,000 children","Borough",6,93.100000000,"Annual",2011
"PM2.5-Attributable Asthma Emergency Department Visits","Estimated Annual Rate- 18 Yrs and Older","per 100\,000 adults","Borough",6,48.500000000,"Annual",2011
"PM2.5-Attributable Asthma Emergency Department Visits","Estimated Annual Rate- Children 0 to 17 Yrs Old","per 100\,000 children","Citywide",8,106.800000000,"Annual",2011
"PM2.5-Attributable Asthma Emergency Department Visits","Estimated Annual Rate- Children 0 to 17 Yrs Old","per 100\,000 children","Borough",4,179.400000000,"Annual",2007
"PM2.5-Attributable Asthma Emergency Department Visits","Estimated Annual Rate- Children 0 to 17 Yrs Old","per 100\,000 children","Borough",6,99.300000000,"Annual",2007
"PM2.5-Attributable Asthma Emergency Department Visits","Estimated Annual Rate- Children 0 to 17 Yrs Old","per 100\,000 children","Borough",3,212.500000000,"Annual",2007
"PM2.5-Attributable Asthma Emergency Department Visits","Estimated Annual Rate- Children 0 to 17 Yrs Old","per 100\,000 children","Citywide",8,126.300000000,"Annual",2007
"PM2.5-Attributable Asthma Emergency Department Visits","Estimated Annual Rate- 18 Yrs and Older","per 100\,000 adults","Citywide",8,42.200000000,"Annual",2014
"PM2.5-Attributable Asthma Emergency Department Visits","Estimated Annual Rate- 18 Yrs and Older","per 100\,000 adults","Borough",5,26.154767600,"Annual",2014
"PM2.5-Attributable Asthma Emergency Department Visits","Estimated Annual Rate- 18 Yrs and Older","per 100\,000 adults","Borough",2,20.643491050,"Annual",2014
"PM2.5-Attributable Asthma Emergency Department Visits","Estimated Annual Rate- Children 0 to 17 Yrs Old","per 100\,000 children","Borough",2,80.800000000,"Annual",2007
"PM2.5-Attributable Asthma Emergency Department Visits","Estimated Annual Rate- 18 Yrs and Older","per 100\,000 adults","Borough",4,40.830555720,"Annual",2014
"PM2.5-Attributable Asthma Emergency Department Visits","Estimated Annual Rate- 18 Yrs and Older","per 100\,000 adults","Borough",3,83.699683790,"Annual",2014
"PM2.5-Attributable Asthma Emergency Department Visits","Estimated Annual Rate- Children 0 to 17 Yrs Old","per 100\,000 children","Citywide",8,97.800000000,"Annual",2014
"PM2.5-Attributable Asthma Emergency Department Visits","Estimated Annual Rate- Children 0 to 17 Yrs Old","per 100\,000 children","Borough",5,45.434646480,"Annual",2014
"PM2.5-Attributable Asthma Emergency Department Visits","Estimated Annual Rate- Children 0 to 17 Yrs Old","per 100\,000 children","Borough",2,53.187774870,"Annual",2014
"PM2.5-Attributable Asthma Emergency Department Visits","Estimated Annual Rate- Children 0 to 17 Yrs Old","per 100\,000 children","Borough",4,116.652041500,"Annual",2014
"PM2.5-Attributable Asthma Emergency Department Visits","Estimated Annual Rate- Children 0 to 17 Yrs Old","per 100\,000 children","Borough",6,81.787545480,"Annual",2014
"PM2.5-Attributable Asthma Emergency Department Visits","Estimated Annual Rate- Children 0 to 17 Yrs Old","per 100\,000 children","Borough",3,183.636875700,"Annual",2014
"PM2.5-Attributable Asthma Emergency Department Visits","Estimated Annual Rate- 18 Yrs and Older","per 100\,000 adults","Borough",6,44.167349680,"Annual",2014
"PM2.5-Attributable Asthma Emergency Department Visits","Estimated Annual Rate- Children 0 to 17 Yrs Old","per 100\,000 children","Borough",3,128.200000000,"Annual",2011
"PM2.5-Attributable Asthma Emergency Department Visits","Estimated Annual Rate- Children 0 to 17 Yrs Old","per 100\,000 children","Borough",5,55.300000000,"Annual",2007
"PM2.5-Attributable Asthma Emergency Department Visits","Estimated Annual Rate- 18 Yrs and Older","per 100\,000 adults","Borough",2,17.900000000,"Annual",2017
"PM2.5-Attributable Asthma Emergency Department Visits","Estimated Annual Rate- 18 Yrs and Older","per 100\,000 adults","Borough",3,67.000000000,"Annual",2011
"PM2.5-Attributable Asthma Emergency Department Visits","Estimated Annual Rate- 18 Yrs and Older","per 100\,000 adults","Borough",4,34.800000000,"Annual",2017
"PM2.5-Attributable Asthma Emergency Department Visits","Estimated Annual Rate- 18 Yrs and Older","per 100\,000 adults","Borough",4,45.700000000,"Annual",2011
"PM2.5-Attributable Asthma Emergency Department Visits","Estimated Annual Rate- 18 Yrs and Older","per 100\,000 adults","Borough",5,29.600000000,"Annual",2007
"PM2.5-Attributable Asthma Emergency Department Visits","Estimated Annual Rate- 18 Yrs and Older","per 100\,000 adults","Borough",2,26.000000000,"Annual",2007
"PM2.5-Attributable Asthma Emergency Department Visits","Estimated Annual Rate- 18 Yrs and Older","per 100\,000 adults","Borough",4,59.900000000,"Annual",2007
"PM2.5-Attributable Asthma Emergency Department Visits","Estimated Annual Rate- 18 Yrs and Older","per 100\,000 adults","Borough",6,55.500000000,"Annual",2007
"PM2.5-Attributable Asthma Emergency Department Visits","Estimated Annual Rate- 18 Yrs and Older","per 100\,000 adults","Borough",3,122.300000000,"Annual",2007
"PM2.5-Attributable Asthma Emergency Department Visits","Estimated Annual Rate- 18 Yrs and Older","per 100\,000 adults","Citywide",8,56.900000000,"Annual",2007
"PM2.5-Attributable Asthma Emergency Department Visits","Estimated Annual Rate- 18 Yrs and Older","per 100\,000 adults","Borough",2,23.100000000,"Annual",2011
"PM2.5-Attributable Asthma Emergency Department Visits","Estimated Annual Rate- 18 Yrs and Older","per 100\,000 adults","Borough",5,28.100000000,"Annual",2011
"PM2.5-Attributable Asthma Emergency Department Visits","Estimated Annual Rate- 18 Yrs and Older","per 100\,000 adults","Citywide",8,45.100000000,"Annual",2011
"PM2.5-Attributable Cardiovascular Hospitalizations (Adults 40 Yrs and Older)","Estimated Annual Rate","per 100\,000 adults","Borough",4,15.000000000,"Annual",2011
"PM2.5-Attributable Cardiovascular Hospitalizations (Adults 40 Yrs and Older)","Estimated Annual Rate","per 100\,000 adults","Borough",6,20.600000000,"Annual",2011
"PM2.5-Attributable Cardiovascular Hospitalizations (Adults 40 Yrs and Older)","Estimated Annual Rate","per 100\,000 adults","Borough",3,18.800000000,"Annual",2011
"PM2.5-Attributable Cardiovascular Hospitalizations (Adults 40 Yrs and Older)","Estimated Annual Rate","per 100\,000 adults","Citywide",8,17.800000000,"Annual",2011
"PM2.5-Attributable Cardiovascular Hospitalizations (Adults 40 Yrs and Older)","Estimated Annual Rate","per 100\,000 adults","Borough",4,12.261700840,"Annual",2014
"PM2.5-Attributable Cardiovascular Hospitalizations (Adults 40 Yrs and Older)","Estimated Annual Rate","per 100\,000 adults","Borough",6,29.300000000,"Annual",2007
"PM2.5-Attributable Cardiovascular Hospitalizations (Adults 40 Yrs and Older)","Estimated Annual Rate","per 100\,000 adults","Borough",6,18.200000000,"Annual",2017
"PM2.5-Attributable Cardiovascular Hospitalizations (Adults 40 Yrs and Older)","Estimated Annual Rate","per 100\,000 adults","Borough",4,14.600000000,"Annual",2017
"PM2.5-Attributable Cardiovascular Hospitalizations (Adults 40 Yrs and Older)","Estimated Annual Rate","per 100\,000 adults","Borough",4,22.400000000,"Annual",2007
"PM2.5-Attributable Cardiovascular Hospitalizations (Adults 40 Yrs and Older)","Estimated Annual Rate","per 100\,000 adults","Borough",5,17.000000000,"Annual",2017
"PM2.5-Attributable Cardiovascular Hospitalizations (Adults 40 Yrs and Older)","Estimated Annual Rate","per 100\,000 adults","Citywide",8,17.000000000,"Annual",2017
"PM2.5-Attributable Cardiovascular Hospitalizations (Adults 40 Yrs and Older)","Estimated Annual Rate","per 100\,000 adults","Borough",5,25.200000000,"Annual",2007
"PM2.5-Attributable Cardiovascular Hospitalizations (Adults 40 Yrs and Older)","Estimated Annual Rate","per 100\,000 adults","Borough",2,21.800000000,"Annual",2007
"PM2.5-Attributable Cardiovascular Hospitalizations (Adults 40 Yrs and Older)","Estimated Annual Rate","per 100\,000 adults","Citywide",8,25.700000000,"Annual",2007
"PM2.5-Attributable Cardiovascular Hospitalizations (Adults 40 Yrs and Older)","Estimated Annual Rate","per 100\,000 adults","Borough",3,31.300000000,"Annual",2007
"PM2.5-Attributable Cardiovascular Hospitalizations (Adults 40 Yrs and Older)","Estimated Annual Rate","per 100\,000 adults","Borough",5,16.300000000,"Annual",2011
"PM2.5-Attributable Cardiovascular Hospitalizations (Adults 40 Yrs and Older)","Estimated Annual Rate","per 100\,000 adults","Borough",2,15.800000000,"Annual",2011
"PM2.5-Attributable Cardiovascular Hospitalizations (Adults 40 Yrs and Older)","Estimated Annual Rate","per 100\,000 adults","Borough",3,21.000000000,"Annual",2017
"PM2.5-Attributable Cardiovascular Hospitalizations (Adults 40 Yrs and Older)","Estimated Annual Rate","per 100\,000 adults","Borough",2,15.500000000,"Annual",2017
"PM2.5-Attributable Cardiovascular Hospitalizations (Adults 40 Yrs and Older)","Estimated Annual Rate","per 100\,000 adults","Borough",2,11.060049010,"Annual",2014
"PM2.5-Attributable Cardiovascular Hospitalizations (Adults 40 Yrs and Older)","Estimated Annual Rate","per 100\,000 adults","Borough",5,12.393017680,"Annual",2014
"PM2.5-Attributable Cardiovascular Hospitalizations (Adults 40 Yrs and Older)","Estimated Annual Rate","per 100\,000 adults","Citywide",8,13.173155640,"Annual",2014
"PM2.5-Attributable Cardiovascular Hospitalizations (Adults 40 Yrs and Older)","Estimated Annual Rate","per 100\,000 adults","Borough",6,14.804251680,"Annual",2014
"PM2.5-Attributable Cardiovascular Hospitalizations (Adults 40 Yrs and Older)","Estimated Annual Rate","per 100\,000 adults","Borough",3,15.488093700,"Annual",2014
"PM2.5-Attributable Deaths","Estimated Annual Rate - Adults 30 Yrs and Older","per 100\,000 adults","Borough",5,46.900000000,"Annual",2017
"PM2.5-Attributable Deaths","Estimated Annual Rate - Adults 30 Yrs and Older","per 100\,000 adults","Borough",2,40.500000000,"Annual",2011
"PM2.5-Attributable Deaths","Estimated Annual Rate - Adults 30 Yrs and Older","per 100\,000 adults","Borough",2,32.762915810,"Annual",2014
"PM2.5-Attributable Deaths","Estimated Annual Rate - Adults 30 Yrs and Older","per 100\,000 adults","Borough",4,44.023146720,"Annual",2014
"PM2.5-Attributable Deaths","Estimated Annual Rate - Adults 30 Yrs and Older","per 100\,000 adults","Borough",6,40.960108590,"Annual",2014
"PM2.5-Attributable Deaths","Estimated Annual Rate - Adults 30 Yrs and Older","per 100\,000 adults","Borough",3,47.289164190,"Annual",2014
"PM2.5-Attributable Deaths","Estimated Annual Rate - Adults 30 Yrs and Older","per 100\,000 adults","Citywide",8,48.200000000,"Annual",2011
"PM2.5-Attributable Deaths","Estimated Annual Rate - Adults 30 Yrs and Older","per 100\,000 adults","Citywide",8,40.600000000,"Annual",2014
"PM2.5-Attributable Deaths","Estimated Annual Rate - Adults 30 Yrs and Older","per 100\,000 adults","Borough",3,55.000000000,"Annual",2011
"PM2.5-Attributable Deaths","Estimated Annual Rate - Adults 30 Yrs and Older","per 100\,000 adults","Borough",6,50.100000000,"Annual",2011
"PM2.5-Attributable Deaths","Estimated Annual Rate - Adults 30 Yrs and Older","per 100\,000 adults","Borough",4,50.000000000,"Annual",2011
"PM2.5-Attributable Deaths","Estimated Annual Rate - Adults 30 Yrs and Older","per 100\,000 adults","Citywide",8,37.700000000,"Annual",2017
"PM2.5-Attributable Deaths","Estimated Annual Rate - Adults 30 Yrs and Older","per 100\,000 adults","Borough",5,70.700000000,"Annual",2007
"PM2.5-Attributable Deaths","Estimated Annual Rate - Adults 30 Yrs and Older","per 100\,000 adults","Borough",5,47.847501740,"Annual",2014
"PM2.5-Attributable Deaths","Estimated Annual Rate - Adults 30 Yrs and Older","per 100\,000 adults","Borough",5,51.700000000,"Annual",2011
"PM2.5-Attributable Deaths","Estimated Annual Rate - Adults 30 Yrs and Older","per 100\,000 adults","Borough",2,31.400000000,"Annual",2017
"PM2.5-Attributable Deaths","Estimated Annual Rate - Adults 30 Yrs and Older","per 100\,000 adults","Borough",4,64.000000000,"Annual",2007
"PM2.5-Attributable Deaths","Estimated Annual Rate - Adults 30 Yrs and Older","per 100\,000 adults","Borough",6,67.800000000,"Annual",2007
"PM2.5-Attributable Deaths","Estimated Annual Rate - Adults 30 Yrs and Older","per 100\,000 adults","Borough",3,76.500000000,"Annual",2007
"PM2.5-Attributable Deaths","Estimated Annual Rate - Adults 30 Yrs and Older","per 100\,000 adults","Citywide",8,64.700000000,"Annual",2007
"PM2.5-Attributable Deaths","Estimated Annual Rate - Adults 30 Yrs and Older","per 100\,000 adults","Borough",4,38.000000000,"Annual",2017
"PM2.5-Attributable Deaths","Estimated Annual Rate - Adults 30 Yrs and Older","per 100\,000 adults","Borough",6,38.300000000,"Annual",2017
"PM2.5-Attributable Deaths","Estimated Annual Rate - Adults 30 Yrs and Older","per 100\,000 adults","Borough",2,54.800000000,"Annual",2007
"PM2.5-Attributable Deaths","Estimated Annual Rate - Adults 30 Yrs and Older","per 100\,000 adults","Borough",3,44.400000000,"Annual",2017
"PM2.5-Attributable Respiratory Hospitalizations (Adults 20 Yrs and Older)","Estimated Annual Rate","per 100\,000 adults","Citywide",8,11.700000000,"Annual",2014
"PM2.5-Attributable Respiratory Hospitalizations (Adults 20 Yrs and Older)","Estimated Annual Rate","per 100\,000 adults","Borough",5,14.200000000,"Annual",2011
"PM2.5-Attributable Respiratory Hospitalizations (Adults 20 Yrs and Older)","Estimated Annual Rate","per 100\,000 adults","Borough",2,11.400000000,"Annual",2011
"PM2.5-Attributable Respiratory Hospitalizations (Adults 20 Yrs and Older)","Estimated Annual Rate","per 100\,000 adults","Borough",4,12.600000000,"Annual",2011
"PM2.5-Attributable Respiratory Hospitalizations (Adults 20 Yrs and Older)","Estimated Annual Rate","per 100\,000 adults","Borough",6,13.300000000,"Annual",2011
"PM2.5-Attributable Respiratory Hospitalizations (Adults 20 Yrs and Older)","Estimated Annual Rate","per 100\,000 adults","Borough",3,20.600000000,"Annual",2011
"PM2.5-Attributable Respiratory Hospitalizations (Adults 20 Yrs and Older)","Estimated Annual Rate","per 100\,000 adults","Borough",4,10.940176720,"Annual",2014
"PM2.5-Attributable Respiratory Hospitalizations (Adults 20 Yrs and Older)","Estimated Annual Rate","per 100\,000 adults","Borough",2,15.700000000,"Annual",2007
"PM2.5-Attributable Respiratory Hospitalizations (Adults 20 Yrs and Older)","Estimated Annual Rate","per 100\,000 adults","Borough",4,18.300000000,"Annual",2007
"PM2.5-Attributable Respiratory Hospitalizations (Adults 20 Yrs and Older)","Estimated Annual Rate","per 100\,000 adults","Borough",6,19.600000000,"Annual",2007
"PM2.5-Attributable Respiratory Hospitalizations (Adults 20 Yrs and Older)","Estimated Annual Rate","per 100\,000 adults","Borough",3,30.800000000,"Annual",2007
"PM2.5-Attributable Respiratory Hospitalizations (Adults 20 Yrs and Older)","Estimated Annual Rate","per 100\,000 adults","Citywide",8,19.800000000,"Annual",2007
"PM2.5-Attributable Respiratory Hospitalizations (Adults 20 Yrs and Older)","Estimated Annual Rate","per 100\,000 adults","Borough",2,8.683621096,"Annual",2014
"PM2.5-Attributable Respiratory Hospitalizations (Adults 20 Yrs and Older)","Estimated Annual Rate","per 100\,000 adults","Borough",3,17.978041250,"Annual",2014
"PM2.5-Attributable Respiratory Hospitalizations (Adults 20 Yrs and Older)","Estimated Annual Rate","per 100\,000 adults","Borough",6,11.531452890,"Annual",2014
"PM2.5-Attributable Respiratory Hospitalizations (Adults 20 Yrs and Older)","Estimated Annual Rate","per 100\,000 adults","Borough",5,13.598079800,"Annual",2014
"PM2.5-Attributable Respiratory Hospitalizations (Adults 20 Yrs and Older)","Estimated Annual Rate","per 100\,000 adults","Borough",5,17.500000000,"Annual",2007
"PM2.5-Attributable Respiratory Hospitalizations (Adults 20 Yrs and Older)","Estimated Annual Rate","per 100\,000 adults","Citywide",8,14.100000000,"Annual",2011
"PM2.5-Attributable Respiratory Hospitalizations (Adults 20 Yrs and Older)","Estimated Annual Rate","per 100\,000 adults","Borough",2,9.600000000,"Annual",2017
"PM2.5-Attributable Respiratory Hospitalizations (Adults 20 Yrs and Older)","Estimated Annual Rate","per 100\,000 adults","Borough",3,19.600000000,"Annual",2017
"PM2.5-Attributable Respiratory Hospitalizations (Adults 20 Yrs and Older)","Estimated Annual Rate","per 100\,000 adults","Borough",6,10.500000000,"Annual",2017
"PM2.5-Attributable Respiratory Hospitalizations (Adults 20 Yrs and Older)","Estimated Annual Rate","per 100\,000 adults","Borough",4,9.600000000,"Annual",2017
"PM2.5-Attributable Respiratory Hospitalizations (Adults 20 Yrs and Older)","Estimated Annual Rate","per 100\,000 adults","Borough",5,15.000000000,"Annual",2017
"PM2.5-Attributable Respiratory Hospitalizations (Adults 20 Yrs and Older)","Estimated Annual Rate","per 100\,000 adults","Citywide",8,11.800000000,"Annual",2017
"Sulfur Dioxide (SO2)","Mean","ppb","Borough",3,6.620000000,"Winter",2009
"Sulfur Dioxide (SO2)","Mean","ppb","Citywide",8,1.170000000,"Winter",2013
"Sulfur Dioxide (SO2)","Mean","ppb","Citywide",8,1.950000000,"Winter",2012
"Sulfur Dioxide (SO2)","Mean","ppb","Citywide",8,3.630000000,"Winter",2011
"Sulfur Dioxide (SO2)","Mean","ppb","Citywide",8,2.880000000,"Winter",2010
"Sulfur Dioxide (SO2)","Mean","ppb","Citywide",8,0.230000000,"Winter",2016
"Sulfur Dioxide (SO2)","Mean","ppb","Borough",4,0.380000000,"Winter",2016
"Sulfur Dioxide (SO2)","Mean","ppb","Borough",2,0.250000000,"Winter",2016
"Sulfur Dioxide (SO2)","Mean","ppb","Borough",6,3.920000000,"Winter",2009
"Sulfur Dioxide (SO2)","Mean","ppb","Borough",6,0.190000000,"Winter",2016
"Sulfur Dioxide (SO2)","Mean","ppb","Borough",3,0.330000000,"Winter",2016
"Sulfur Dioxide (SO2)","Mean","ppb","Citywide",8,0.597800000,"Winter",2015
"Sulfur Dioxide (SO2)","Mean","ppb","Borough",5,0.270000000,"Winter",2015
"Sulfur Dioxide (SO2)","Mean","ppb","Borough",5,0.120000000,"Winter",2016
"Sulfur Dioxide (SO2)","Mean","ppb","Borough",4,9.170000000,"Winter",2009
"Sulfur Dioxide (SO2)","Mean","ppb","Borough",3,4.280000000,"Winter",2010
"Sulfur Dioxide (SO2)","Mean","ppb","Borough",5,2.130000000,"Winter",2009
"Sulfur Dioxide (SO2)","Mean","ppb","Borough",6,1.550000000,"Winter",2012
"Sulfur Dioxide (SO2)","Mean","ppb","Borough",4,4.810000000,"Winter",2012
"Sulfur Dioxide (SO2)","Mean","ppb","Borough",2,1.720000000,"Winter",2012
"Sulfur Dioxide (SO2)","Mean","ppb","Borough",3,3.430000000,"Winter",2012
"Sulfur Dioxide (SO2)","Mean","ppb","Borough",5,1.780000000,"Winter",2011
"Sulfur Dioxide (SO2)","Mean","ppb","Borough",2,3.420000000,"Winter",2011
"Sulfur Dioxide (SO2)","Mean","ppb","Borough",2,3.990000000,"Winter",2009
"Sulfur Dioxide (SO2)","Mean","ppb","Borough",4,7.790000000,"Winter",2011
"Sulfur Dioxide (SO2)","Mean","ppb","Borough",3,5.440000000,"Winter",2011
"Sulfur Dioxide (SO2)","Mean","ppb","Borough",5,1.170000000,"Winter",2010
"Sulfur Dioxide (SO2)","Mean","ppb","Borough",2,2.820000000,"Winter",2010
"Sulfur Dioxide (SO2)","Mean","ppb","Borough",4,6.190000000,"Winter",2010
"Sulfur Dioxide (SO2)","Mean","ppb","Borough",6,2.660000000,"Winter",2010
"Sulfur Dioxide (SO2)","Mean","ppb","Borough",2,0.560000000,"Winter",2015
"Sulfur Dioxide (SO2)","Mean","ppb","Borough",6,3.260000000,"Winter",2011
"Sulfur Dioxide (SO2)","Mean","ppb","Borough",4,1.190000000,"Winter",2015
"Sulfur Dioxide (SO2)","Mean","ppb","Borough",6,0.470000000,"Winter",2015
"Sulfur Dioxide (SO2)","Mean","ppb","Borough",3,1.110000000,"Winter",2015
"Sulfur Dioxide (SO2)","Mean","ppb","Borough",6,1.080000000,"Winter",2014
"Sulfur Dioxide (SO2)","Mean","ppb","Borough",3,2.080000000,"Winter",2014
"Sulfur Dioxide (SO2)","Mean","ppb","Citywide",8,1.430000000,"Winter",2014
"Sulfur Dioxide (SO2)","Mean","ppb","Borough",5,0.430000000,"Winter",2013
"Sulfur Dioxide (SO2)","Mean","ppb","Borough",2,1.010000000,"Winter",2013
"Sulfur Dioxide (SO2)","Mean","ppb","Borough",4,3.080000000,"Winter",2013
"Sulfur Dioxide (SO2)","Mean","ppb","Borough",6,0.900000000,"Winter",2013
"Sulfur Dioxide (SO2)","Mean","ppb","Borough",3,2.160000000,"Winter",2013
"Sulfur Dioxide (SO2)","Mean","ppb","Borough",5,0.810000000,"Winter",2012
"Sulfur Dioxide (SO2)","Mean","ppb","Citywide",8,4.320000000,"Winter",2009
"Sulfur Dioxide (SO2)","Mean","ppb","Borough",4,2.900000000,"Winter",2014
"Sulfur Dioxide (SO2)","Mean","ppb","Borough",2,1.460000000,"Winter",2014
"Sulfur Dioxide (SO2)","Mean","ppb","Borough",5,0.830000000,"Winter",2014
"Traffic Density- Annual Vehicle Miles Traveled","million miles","per km2","Citywide",8,24.000000000,"Annual",2005
"Traffic Density- Annual Vehicle Miles Traveled","million miles","per km2","Borough",3,24.000000000,"Annual",2016
"Traffic Density- Annual Vehicle Miles Traveled","million miles","per km2","Borough",6,23.000000000,"Annual",2016
"Traffic Density- Annual Vehicle Miles Traveled","million miles","per km2","Borough",4,46.700000000,"Annual",2016
"Traffic Density- Annual Vehicle Miles Traveled","million miles","per km2","Borough",2,24.800000000,"Annual",2016
"Traffic Density- Annual Vehicle Miles Traveled","million miles","per km2","Borough",5,9.700000000,"Annual",2016
"Traffic Density- Annual Vehicle Miles Traveled","million miles","per km2","Citywide",8,23.000000000,"Annual",2016
"Traffic Density- Annual Vehicle Miles Traveled for Cars","million miles","per km2","Borough",3,21.900000000,"Annual",2016
"Traffic Density- Annual Vehicle Miles Traveled for Cars","million miles","per km2","Borough",6,23.800000000,"Annual",2005
"Traffic Density- Annual Vehicle Miles Traveled for Cars","million miles","per km2","Borough",3,23.900000000,"Annual",2005
"Traffic Density- Annual Vehicle Miles Traveled for Cars","million miles","per km2","Citywide",8,22.600000000,"Annual",2005
"Traffic Density- Annual Vehicle Miles Traveled for Cars","million miles","per km2","Borough",5,9.800000000,"Annual",2005
"Traffic Density- Annual Vehicle Miles Traveled for Cars","million miles","per km2","Citywide",8,21.700000000,"Annual",2016
"Traffic Density- Annual Vehicle Miles Traveled for Cars","million miles","per km2","Borough",5,9.200000000,"Annual",2016
"Traffic Density- Annual Vehicle Miles Traveled for Cars","million miles","per km2","Borough",2,23.700000000,"Annual",2016
"Traffic Density- Annual Vehicle Miles Traveled for Cars","million miles","per km2","Borough",4,48.000000000,"Annual",2005
"Traffic Density- Annual Vehicle Miles Traveled for Cars","million miles","per km2","Borough",6,21.800000000,"Annual",2016
"Traffic Density- Annual Vehicle Miles Traveled for Cars","million miles","per km2","Borough",2,23.500000000,"Annual",2005
"Traffic Density- Annual Vehicle Miles Traveled for Cars","million miles","per km2","Borough",4,43.700000000,"Annual",2016
"Traffic Density- Annual Vehicle Miles Traveled for Trucks","million miles","per km2","Citywide",8,1.200000000,"Annual",2016
"Traffic Density- Annual Vehicle Miles Traveled for Trucks","million miles","per km2","Citywide",8,1.300000000,"Annual",2005
"Traffic Density- Annual Vehicle Miles Traveled for Trucks","million miles","per km2","Borough",3,2.000000000,"Annual",2016
"Traffic Density- Annual Vehicle Miles Traveled for Trucks","million miles","per km2","Borough",6,1.000000000,"Annual",2016
"Traffic Density- Annual Vehicle Miles Traveled for Trucks","million miles","per km2","Borough",4,2.500000000,"Annual",2016
"Traffic Density- Annual Vehicle Miles Traveled for Trucks","million miles","per km2","Borough",2,1.100000000,"Annual",2016
"Traffic Density- Annual Vehicle Miles Traveled for Trucks","million miles","per km2","Borough",5,0.500000000,"Annual",2016
